user_id,username
user0,Dana Sowell
user1,Martha Jones
user2,Franklin Miller
user3,Beverly Ball
user4,Michael Edwards
user5,Ashton Armstrong
user6,Theresa Johnston
user7,Donya Lambert
user8,Denise Olson
user9,Neal Williams
user10,Shauna Foster
user11,Paul Jackson
user12,Pamela Willey
user13,Katie Laman
user14,Mark Goodfellow
user15,Jerry Lopez
user16,Paul Watson
user17,Delores Dawson
user18,David Jeanlouis
user19,Steve Leona
user20,Cynthia Almand
user21,Joyce Maddox
user22,Carlton Nusbaum
user23,Shelia Riker
user24,Patrica Crawford
user25,Albert Miller
user26,Alisa Young
user27,Robert Ezell
user28,Melissa Reevers
user29,Rosalba Wehner
user30,David Keeton
user31,Gina Lukasiewicz
user32,Kevin Welton
user33,William Wells
user34,Rafael Brisbon
user35,Eliseo Leiva
user36,James Moore
user37,Veronica Lagrange
user38,Alvin Haynes
user39,Diana Ohlson
user40,Johnny Murray
user41,Curtis Jennings
user42,Chuck Balzer
user43,Frances Kreidel
user44,Peter Camper
user45,Jeffrey Story
user46,Adriane Jenkins
user47,Gail Pennington
user48,Allan Timmerman
user49,Francisco Schaper
user50,Russell Lancaster
user51,Kenneth Rodriguez
user52,Alex Stansbury
user53,James Bennett
user54,Mildred Robinson
user55,Lee Ditullio
user56,Charlene Flowe
user57,Abel Adams
user58,Wilma Suarez
user59,Willard Petrocco
user60,Barbara Carter
user61,Herbert Young
user62,John Graham
user63,Heather Challis
user64,Magaly Wright
user65,Mark Howington
user66,Brandon Pickett
user67,Beatrice Ecker
user68,Mary Walsh
user69,Helen Grogan
user70,Judy Petersen
