enrollment_id,username,course_id
1124,61ysO1Pg5Q6bsn73gkzoQt72GbhUHgNd,AXUJZGmZ0xaYSWazu8RQ1G5c76ECT1Kd
1248,T6EWQ7jVP89JlHzj41KN1gEtGYevpSQM,DPnLzkJJqOOPRJfBxIHbQEERiYHu5ila
1585,k3YRNSEUtBfnCzCI2ffYAi1qqoCc9d8W,DPnLzkJJqOOPRJfBxIHbQEERiYHu5ila
1736,UaSh8dwx8gnofYbXlmpqj9uYDbpJ89pX,DPnLzkJJqOOPRJfBxIHbQEERiYHu5ila
1758,yZ9FndAKqVsKwZtO1B2JJJblefdbhZ02,AXUJZGmZ0xaYSWazu8RQ1G5c76ECT1Kd
1845,oaoj9be4jW2Hot8wYgYrzLRvB0RU4KYy,fbPkOYLVPtPgIt0MxizjfFJov3JbHyAi
1888,lbgTV2YMskSv2TX4EXpaazpMVWfsftEV,fbPkOYLVPtPgIt0MxizjfFJov3JbHyAi
1891,s6iksgptFmyh2vfiarKdJkiKnp6RLi3f,fbPkOYLVPtPgIt0MxizjfFJov3JbHyAi
1967,viuKt4GgrX0rYL5EpHoxJbsiC9TblSuk,5Gyp41oLVo7Gg7vF4vpmggWP5MU70QO6
1980,viuKt4GgrX0rYL5EpHoxJbsiC9TblSuk,Er0RFawC4sHagDmmQZcBGBrzamLQcblZ
2109,HAAyQYNYY3ULmqhNC56bxv5FSwyMVoqP,5Gyp41oLVo7Gg7vF4vpmggWP5MU70QO6
2148,Hoitr98hXhrf7xDGgACEFamKhiarA3wg,81UZtt1JJwBFYMj5u38WNKCSVA4IJSDv
2153,3IgwuZBiVdgdYRQ9ySaEvpMizbjCJFS0,5Gyp41oLVo7Gg7vF4vpmggWP5MU70QO6
2156,oNf6qoW6E6dhoPJKSUjvElFlUKN9drLY,81UZtt1JJwBFYMj5u38WNKCSVA4IJSDv
2304,dNx7yBBYuWpRM4BeMNLD1yOnUwcueGfB,81UZtt1JJwBFYMj5u38WNKCSVA4IJSDv
2327,ZFpXjzvya7Y5x9HmUsgToer6v1L16WM2,81UZtt1JJwBFYMj5u38WNKCSVA4IJSDv
2439,CUbueK74RGsaWBcRtztdoMN84Z7TxEjm,81UZtt1JJwBFYMj5u38WNKCSVA4IJSDv
2549,HbDaABEakQmE8DQEoFoIphu2SH13rFRy,81UZtt1JJwBFYMj5u38WNKCSVA4IJSDv
2560,oJ9j9ejTgKixczg3tSE8Sg8DPI7YQpJq,5Gyp41oLVo7Gg7vF4vpmggWP5MU70QO6
2579,FcPFK6OTsUF1j3uNGabdzGTvbY8kcO3D,Er0RFawC4sHagDmmQZcBGBrzamLQcblZ
2606,hjUSUM6roI2mLGkMAqBjE0uxFRBSMYHJ,5Gyp41oLVo7Gg7vF4vpmggWP5MU70QO6
2610,4cRZxyVNjv13lU3nu2aK2rwyndExVCGa,5Gyp41oLVo7Gg7vF4vpmggWP5MU70QO6
2927,BCPOhUa2LrfH93ebCE15VbF0VEWEyi7T,81UZtt1JJwBFYMj5u38WNKCSVA4IJSDv
2964,sT9hGAnww95aeGvqwQpJlS3ORhWDT49F,Er0RFawC4sHagDmmQZcBGBrzamLQcblZ
3019,J8NkUmSvsrLHkKNXPhFg7o0pG3K7Aywh,Er0RFawC4sHagDmmQZcBGBrzamLQcblZ
3245,Hj4fYYa64lvHLVeQZBqs9EQ1OtgHTvl6,81UZtt1JJwBFYMj5u38WNKCSVA4IJSDv
3264,s6iksgptFmyh2vfiarKdJkiKnp6RLi3f,5Gyp41oLVo7Gg7vF4vpmggWP5MU70QO6
3284,CKlck1NtRiTrxKTlx9u8mNsXnR4Cg2LR,Er0RFawC4sHagDmmQZcBGBrzamLQcblZ
3370,CfeENerIdAGepleePWSt0SV88ctt0Tmw,81UZtt1JJwBFYMj5u38WNKCSVA4IJSDv
3468,zeUi2UnQZPPF6bRQXw2s8LZ41ZOdqRAa,Er0RFawC4sHagDmmQZcBGBrzamLQcblZ
3469,zeUi2UnQZPPF6bRQXw2s8LZ41ZOdqRAa,5Gyp41oLVo7Gg7vF4vpmggWP5MU70QO6
3741,Ecxkox9cBNw9DlXWEeDlSJP4O73ORQaY,81UZtt1JJwBFYMj5u38WNKCSVA4IJSDv
3873,2gXHY5qLgY96Nt3kImmboPawcy43EQXt,Er0RFawC4sHagDmmQZcBGBrzamLQcblZ
3906,futHw5ylJYoore6oNuefdx05Xc1Es6E8,81UZtt1JJwBFYMj5u38WNKCSVA4IJSDv
3946,b42x9fEviD2KrosQFgO4BDKrSzPFH9d9,Er0RFawC4sHagDmmQZcBGBrzamLQcblZ
3947,b42x9fEviD2KrosQFgO4BDKrSzPFH9d9,81UZtt1JJwBFYMj5u38WNKCSVA4IJSDv
3950,1dxQmK9WwlHWuIG7ZTn4PsJ2vflQBDH3,81UZtt1JJwBFYMj5u38WNKCSVA4IJSDv
4024,UInMBEH8f1h2vxXVslRsWyLOTv8ggYq3,fbPkOYLVPtPgIt0MxizjfFJov3JbHyAi
4133,sT9hGAnww95aeGvqwQpJlS3ORhWDT49F,fbPkOYLVPtPgIt0MxizjfFJov3JbHyAi
4134,bRG3KNKPz8MtEb5G1Duc4i5IiNMa8ZLU,fbPkOYLVPtPgIt0MxizjfFJov3JbHyAi
4220,EReWp6ilgaQY61GGX2jAkIc5IQisheJq,NmbZ3BmS8V4pMg6oxXHWpqqMZCE1jvYt
4395,C6xrhZPOmVH2gCVNP26gSSPka2CcwgB5,SpATywNh6bZuzm8s1ceuBUnMUAeoAHHw
4495,G4MfAXnz0EbVaCbavnksnUIxHSPSMOp9,V4tXq15GxHo2gaMpaJLZ3IGEkP949IbE
4511,C6xrhZPOmVH2gCVNP26gSSPka2CcwgB5,NmbZ3BmS8V4pMg6oxXHWpqqMZCE1jvYt
4711,3IgwuZBiVdgdYRQ9ySaEvpMizbjCJFS0,H2lDW05SyKnwntZ6Fora76aPAEswcMa5
5063,M4qxCm572dyAklYyW6rlwVA2xGuuy2h9,AXUJZGmZ0xaYSWazu8RQ1G5c76ECT1Kd
5092,EiO5bky9R1Iqlpv4ItUpPBUgGb1eJItE,A3fsA9Zfv1X2fVEQhTw51lKENdNrEqT3
5314,SFbTZDEo0JTOG7VHfxeJz2kz3qSzlHq4,a2E7NQC7nZB7WHEhKGhKnKvUWtsLAQzh
5357,SFbTZDEo0JTOG7VHfxeJz2kz3qSzlHq4,ykoe1cCWK134BJmfbNoPEenJOIWdtQOZ
5375,Ecxkox9cBNw9DlXWEeDlSJP4O73ORQaY,ykoe1cCWK134BJmfbNoPEenJOIWdtQOZ
5382,Ecxkox9cBNw9DlXWEeDlSJP4O73ORQaY,shM3Yy9vxHn2aqjSYfQXOcwGo0hWh3MI
5525,YAsCREgt5tIqJEvOtaek3jtgsLn87nEr,shM3Yy9vxHn2aqjSYfQXOcwGo0hWh3MI
5595,SFbTZDEo0JTOG7VHfxeJz2kz3qSzlHq4,AXUJZGmZ0xaYSWazu8RQ1G5c76ECT1Kd
5606,Ecxkox9cBNw9DlXWEeDlSJP4O73ORQaY,SpATywNh6bZuzm8s1ceuBUnMUAeoAHHw
5664,GMzSpgZQ6jzVsfHn8W8i83JsYNxnP00b,shM3Yy9vxHn2aqjSYfQXOcwGo0hWh3MI
5671,HbDaABEakQmE8DQEoFoIphu2SH13rFRy,A3fsA9Zfv1X2fVEQhTw51lKENdNrEqT3
5678,HbDaABEakQmE8DQEoFoIphu2SH13rFRy,V4tXq15GxHo2gaMpaJLZ3IGEkP949IbE
5855,M4qxCm572dyAklYyW6rlwVA2xGuuy2h9,H2lDW05SyKnwntZ6Fora76aPAEswcMa5
5888,syrttArug8Mpzs9L0IHsvBtATawYF9J2,a2E7NQC7nZB7WHEhKGhKnKvUWtsLAQzh
5932,EReWp6ilgaQY61GGX2jAkIc5IQisheJq,ykoe1cCWK134BJmfbNoPEenJOIWdtQOZ
5933,EReWp6ilgaQY61GGX2jAkIc5IQisheJq,9Bd26pfDLvkPINwLnpaGcf0LrLUvY1Mz
6018,cJcuhtji0eqLhfXtnFSDlw6v5huTlvOS,SpATywNh6bZuzm8s1ceuBUnMUAeoAHHw
6071,Hj4fYYa64lvHLVeQZBqs9EQ1OtgHTvl6,ykoe1cCWK134BJmfbNoPEenJOIWdtQOZ
6193,FixP7IuJ80KsWtzMzcQsJZKOjLxDKZgC,3cnZpv6ReApmCaZyaQwi2izDZxVRdC01
6228,ywdL3xkp7d2PSjbvnflAvIe7Wp6Q4SRe,a2E7NQC7nZB7WHEhKGhKnKvUWtsLAQzh
6235,ywdL3xkp7d2PSjbvnflAvIe7Wp6Q4SRe,A3fsA9Zfv1X2fVEQhTw51lKENdNrEqT3
6236,ywdL3xkp7d2PSjbvnflAvIe7Wp6Q4SRe,xMd9DzNyUCTLRPVbwWVzf4vq06oqrTT1
6266,sT9hGAnww95aeGvqwQpJlS3ORhWDT49F,V4tXq15GxHo2gaMpaJLZ3IGEkP949IbE
6451,NqKjMSY6eOZQ1uSyzlPrquJVqzjvSO7O,xMd9DzNyUCTLRPVbwWVzf4vq06oqrTT1
6588,FixP7IuJ80KsWtzMzcQsJZKOjLxDKZgC,H2lDW05SyKnwntZ6Fora76aPAEswcMa5
6689,7FUJzRatex45Tiw3cL91Uz5fZD5gpQMy,NmbZ3BmS8V4pMg6oxXHWpqqMZCE1jvYt
6691,7FUJzRatex45Tiw3cL91Uz5fZD5gpQMy,H2lDW05SyKnwntZ6Fora76aPAEswcMa5
6692,7FUJzRatex45Tiw3cL91Uz5fZD5gpQMy,V4tXq15GxHo2gaMpaJLZ3IGEkP949IbE
6694,7FUJzRatex45Tiw3cL91Uz5fZD5gpQMy,shM3Yy9vxHn2aqjSYfQXOcwGo0hWh3MI
6706,7FUJzRatex45Tiw3cL91Uz5fZD5gpQMy,3cnZpv6ReApmCaZyaQwi2izDZxVRdC01
6712,7FUJzRatex45Tiw3cL91Uz5fZD5gpQMy,A3fsA9Zfv1X2fVEQhTw51lKENdNrEqT3
6759,o7nB1nybhMcFgLy31X3R6RDOK94b1Iaa,ykoe1cCWK134BJmfbNoPEenJOIWdtQOZ
6860,7fC3V6ivG07wUIMOmiYFzSlyjWvbYnYf,xMd9DzNyUCTLRPVbwWVzf4vq06oqrTT1
6878,7fC3V6ivG07wUIMOmiYFzSlyjWvbYnYf,SpATywNh6bZuzm8s1ceuBUnMUAeoAHHw
6879,7fC3V6ivG07wUIMOmiYFzSlyjWvbYnYf,ykoe1cCWK134BJmfbNoPEenJOIWdtQOZ
6897,7fC3V6ivG07wUIMOmiYFzSlyjWvbYnYf,NmbZ3BmS8V4pMg6oxXHWpqqMZCE1jvYt
7217,UaSh8dwx8gnofYbXlmpqj9uYDbpJ89pX,shM3Yy9vxHn2aqjSYfQXOcwGo0hWh3MI
7290,o7nB1nybhMcFgLy31X3R6RDOK94b1Iaa,V4tXq15GxHo2gaMpaJLZ3IGEkP949IbE
7291,o7nB1nybhMcFgLy31X3R6RDOK94b1Iaa,SpATywNh6bZuzm8s1ceuBUnMUAeoAHHw
7937,ywdL3xkp7d2PSjbvnflAvIe7Wp6Q4SRe,SpATywNh6bZuzm8s1ceuBUnMUAeoAHHw
8171,Agc8I1aREEPfi2PqA7NK0aenTcuvE1HC,SpATywNh6bZuzm8s1ceuBUnMUAeoAHHw
8368,yZ9FndAKqVsKwZtO1B2JJJblefdbhZ02,a2E7NQC7nZB7WHEhKGhKnKvUWtsLAQzh
8506,yZ9FndAKqVsKwZtO1B2JJJblefdbhZ02,V4tXq15GxHo2gaMpaJLZ3IGEkP949IbE
8917,5vUuq5ZeDCNce4LmvH0naoUjpb3qbNOp,SpATywNh6bZuzm8s1ceuBUnMUAeoAHHw
9046,cYibpCaMUGq0WjgUWfTv0iIvJ7QbFj5E,shM3Yy9vxHn2aqjSYfQXOcwGo0hWh3MI
9153,XDPvGyFLLEYwbNEQik2MM4yiADs5rrYJ,V4tXq15GxHo2gaMpaJLZ3IGEkP949IbE
9155,XDPvGyFLLEYwbNEQik2MM4yiADs5rrYJ,a2E7NQC7nZB7WHEhKGhKnKvUWtsLAQzh
9236,8fvsCrC8dcOje6DxrGntnTxmufYXJCrq,shM3Yy9vxHn2aqjSYfQXOcwGo0hWh3MI
9249,0px3bu53b0JtWfgR2HZboUVCWvKPFWbh,SpATywNh6bZuzm8s1ceuBUnMUAeoAHHw
9381,eosk3dY7502Pbg6Dsnx0qWKWUpRTliXK,a2E7NQC7nZB7WHEhKGhKnKvUWtsLAQzh
9431,cWykzNKAq5sFQBA059QN4Jx74YGPkfwB,H2lDW05SyKnwntZ6Fora76aPAEswcMa5
9589,oJ9j9ejTgKixczg3tSE8Sg8DPI7YQpJq,A3fsA9Zfv1X2fVEQhTw51lKENdNrEqT3
9798,oIeIfwhQt9r1G6uZ62W7p7DLvDQ1KzcN,3cnZpv6ReApmCaZyaQwi2izDZxVRdC01
9799,oIeIfwhQt9r1G6uZ62W7p7DLvDQ1KzcN,SpATywNh6bZuzm8s1ceuBUnMUAeoAHHw
9815,oIeIfwhQt9r1G6uZ62W7p7DLvDQ1KzcN,xMd9DzNyUCTLRPVbwWVzf4vq06oqrTT1
9821,61ysO1Pg5Q6bsn73gkzoQt72GbhUHgNd,a2E7NQC7nZB7WHEhKGhKnKvUWtsLAQzh
9989,GVRJN4wkoooaXJUVmwnX983A87KsrZPK,A3fsA9Zfv1X2fVEQhTw51lKENdNrEqT3
10007,FELnhQR0c7GZZX82ioYJEZsqujOrfyf7,3cnZpv6ReApmCaZyaQwi2izDZxVRdC01
10017,FELnhQR0c7GZZX82ioYJEZsqujOrfyf7,H2lDW05SyKnwntZ6Fora76aPAEswcMa5
10022,syrttArug8Mpzs9L0IHsvBtATawYF9J2,H2lDW05SyKnwntZ6Fora76aPAEswcMa5
10041,syrttArug8Mpzs9L0IHsvBtATawYF9J2,NmbZ3BmS8V4pMg6oxXHWpqqMZCE1jvYt
10093,5IM8g7YMOYo5qH7Yu3x31T3JkVOH9iqe,9Bd26pfDLvkPINwLnpaGcf0LrLUvY1Mz
10606,BOBLP6pTmRtpQ8LtVgJyutFMDL3q6xno,SpATywNh6bZuzm8s1ceuBUnMUAeoAHHw
10646,teqJGecOr4a6oVYU1O9bgvPkX5ZSKA8N,ykoe1cCWK134BJmfbNoPEenJOIWdtQOZ
10658,teqJGecOr4a6oVYU1O9bgvPkX5ZSKA8N,A3fsA9Zfv1X2fVEQhTw51lKENdNrEqT3
10711,l5LfU8gApOG72AnBkdAbfOLQLwFH7Zo2,ykoe1cCWK134BJmfbNoPEenJOIWdtQOZ
10797,BEEx400Zym1Adj0LXV9O094DcgDYxMgU,H2lDW05SyKnwntZ6Fora76aPAEswcMa5
11049,w0ZedS6yzDUKJT3yGrp9CDoxetDDlx17,ykoe1cCWK134BJmfbNoPEenJOIWdtQOZ
11155,kQ63n93d5CTXewyEhcoySFeLgYStuYpO,ykoe1cCWK134BJmfbNoPEenJOIWdtQOZ
11193,5vUuq5ZeDCNce4LmvH0naoUjpb3qbNOp,H2lDW05SyKnwntZ6Fora76aPAEswcMa5
11230,7fC3V6ivG07wUIMOmiYFzSlyjWvbYnYf,a2E7NQC7nZB7WHEhKGhKnKvUWtsLAQzh
11296,1dxQmK9WwlHWuIG7ZTn4PsJ2vflQBDH3,a2E7NQC7nZB7WHEhKGhKnKvUWtsLAQzh
11307,1dxQmK9WwlHWuIG7ZTn4PsJ2vflQBDH3,SpATywNh6bZuzm8s1ceuBUnMUAeoAHHw
11334,ykaUPJW4Nc9r2mv4b25QxgdHgIcQ63RQ,3cnZpv6ReApmCaZyaQwi2izDZxVRdC01
11432,2gXHY5qLgY96Nt3kImmboPawcy43EQXt,NmbZ3BmS8V4pMg6oxXHWpqqMZCE1jvYt
11488,g3902agYIRHzac78MKVZlvljLMXXNpQ7,NmbZ3BmS8V4pMg6oxXHWpqqMZCE1jvYt
11593,wmwDf7eIRrKPL0l8cNmMygnEPd5vzoqs,SpATywNh6bZuzm8s1ceuBUnMUAeoAHHw
11595,GVRJN4wkoooaXJUVmwnX983A87KsrZPK,NmbZ3BmS8V4pMg6oxXHWpqqMZCE1jvYt
11650,ilWzYGLWBh9DSc1MV8g2C4Go5wDNgUHX,SpATywNh6bZuzm8s1ceuBUnMUAeoAHHw
11662,Oqfkhjg6t51PZcyyCwvjWtQ6bDHYceB1,xMd9DzNyUCTLRPVbwWVzf4vq06oqrTT1
11665,Oqfkhjg6t51PZcyyCwvjWtQ6bDHYceB1,shM3Yy9vxHn2aqjSYfQXOcwGo0hWh3MI
11666,Oqfkhjg6t51PZcyyCwvjWtQ6bDHYceB1,V4tXq15GxHo2gaMpaJLZ3IGEkP949IbE
11691,QyLVPf4M60EkZ1E7DsOzioCPS0UDQt1T,xMd9DzNyUCTLRPVbwWVzf4vq06oqrTT1
11693,QyLVPf4M60EkZ1E7DsOzioCPS0UDQt1T,AXUJZGmZ0xaYSWazu8RQ1G5c76ECT1Kd
11706,a4RYqILKcnu8c617gYSbD0KQIm9DqZnc,shM3Yy9vxHn2aqjSYfQXOcwGo0hWh3MI
11712,QyLVPf4M60EkZ1E7DsOzioCPS0UDQt1T,H2lDW05SyKnwntZ6Fora76aPAEswcMa5
11787,Oqfkhjg6t51PZcyyCwvjWtQ6bDHYceB1,a2E7NQC7nZB7WHEhKGhKnKvUWtsLAQzh
11829,ilWzYGLWBh9DSc1MV8g2C4Go5wDNgUHX,3cnZpv6ReApmCaZyaQwi2izDZxVRdC01
11854,ENgkBIGd3eoNLSkWJaDseXIlE9vWUOUZ,a2E7NQC7nZB7WHEhKGhKnKvUWtsLAQzh
11928,syrttArug8Mpzs9L0IHsvBtATawYF9J2,A3fsA9Zfv1X2fVEQhTw51lKENdNrEqT3
11999,ENgkBIGd3eoNLSkWJaDseXIlE9vWUOUZ,H2lDW05SyKnwntZ6Fora76aPAEswcMa5
12054,g3902agYIRHzac78MKVZlvljLMXXNpQ7,xMd9DzNyUCTLRPVbwWVzf4vq06oqrTT1
12169,GVRJN4wkoooaXJUVmwnX983A87KsrZPK,H2lDW05SyKnwntZ6Fora76aPAEswcMa5
12237,nOWqKetxGFQ9o73UNfcoh0XyCt3ITawR,AXUJZGmZ0xaYSWazu8RQ1G5c76ECT1Kd
12325,g3902agYIRHzac78MKVZlvljLMXXNpQ7,H2lDW05SyKnwntZ6Fora76aPAEswcMa5
12326,g3902agYIRHzac78MKVZlvljLMXXNpQ7,V4tXq15GxHo2gaMpaJLZ3IGEkP949IbE
12416,Io5gLr8QOxaBw8nFReloAXOpt3IlZ5WE,xMd9DzNyUCTLRPVbwWVzf4vq06oqrTT1
12417,Io5gLr8QOxaBw8nFReloAXOpt3IlZ5WE,a2E7NQC7nZB7WHEhKGhKnKvUWtsLAQzh
12418,Io5gLr8QOxaBw8nFReloAXOpt3IlZ5WE,ykoe1cCWK134BJmfbNoPEenJOIWdtQOZ
12465,Jn3Y3EwJczNHkfzTGUpSSJOFpEETB0cw,H2lDW05SyKnwntZ6Fora76aPAEswcMa5
12467,Jn3Y3EwJczNHkfzTGUpSSJOFpEETB0cw,V4tXq15GxHo2gaMpaJLZ3IGEkP949IbE
12473,Jn3Y3EwJczNHkfzTGUpSSJOFpEETB0cw,A3fsA9Zfv1X2fVEQhTw51lKENdNrEqT3
12507,Jn3Y3EwJczNHkfzTGUpSSJOFpEETB0cw,AXUJZGmZ0xaYSWazu8RQ1G5c76ECT1Kd
12510,Jn3Y3EwJczNHkfzTGUpSSJOFpEETB0cw,shM3Yy9vxHn2aqjSYfQXOcwGo0hWh3MI
12527,HbDaABEakQmE8DQEoFoIphu2SH13rFRy,a2E7NQC7nZB7WHEhKGhKnKvUWtsLAQzh
12535,Jn3Y3EwJczNHkfzTGUpSSJOFpEETB0cw,3cnZpv6ReApmCaZyaQwi2izDZxVRdC01
12594,g8m22R7W0Wo8v9RXY0TMbj5qf5RFgvht,3cnZpv6ReApmCaZyaQwi2izDZxVRdC01
12762,u82lBhpDxJIwlZISEntCxj1zgVFdW0vT,A3fsA9Zfv1X2fVEQhTw51lKENdNrEqT3
12835,u82lBhpDxJIwlZISEntCxj1zgVFdW0vT,AXUJZGmZ0xaYSWazu8RQ1G5c76ECT1Kd
12928,a4RYqILKcnu8c617gYSbD0KQIm9DqZnc,a2E7NQC7nZB7WHEhKGhKnKvUWtsLAQzh
13029,0px3bu53b0JtWfgR2HZboUVCWvKPFWbh,a2E7NQC7nZB7WHEhKGhKnKvUWtsLAQzh
13031,0px3bu53b0JtWfgR2HZboUVCWvKPFWbh,ykoe1cCWK134BJmfbNoPEenJOIWdtQOZ
13036,0px3bu53b0JtWfgR2HZboUVCWvKPFWbh,xMd9DzNyUCTLRPVbwWVzf4vq06oqrTT1
13038,Ys5FH0nq7NeLEdwGoDUOp7Sz8iAMAB3d,SpATywNh6bZuzm8s1ceuBUnMUAeoAHHw
13039,mFpiELMd2y5tbkdxs4m8pKS7gXHb7bIO,ykoe1cCWK134BJmfbNoPEenJOIWdtQOZ
13040,0px3bu53b0JtWfgR2HZboUVCWvKPFWbh,H2lDW05SyKnwntZ6Fora76aPAEswcMa5
13149,2oTvbzieHn2y5oozeOgSnruqE6N0BtR5,a2E7NQC7nZB7WHEhKGhKnKvUWtsLAQzh
13183,IFqWOl32JJm0W3Ap2jxVCpJeXeLJlYDp,9Bd26pfDLvkPINwLnpaGcf0LrLUvY1Mz
13309,1dxQmK9WwlHWuIG7ZTn4PsJ2vflQBDH3,A3fsA9Zfv1X2fVEQhTw51lKENdNrEqT3
13464,nPRsjektHdbQkeAf1fIK4JbhrESPbPsA,H2lDW05SyKnwntZ6Fora76aPAEswcMa5
13543,EiO5bky9R1Iqlpv4ItUpPBUgGb1eJItE,H2lDW05SyKnwntZ6Fora76aPAEswcMa5
13637,1dxQmK9WwlHWuIG7ZTn4PsJ2vflQBDH3,xMd9DzNyUCTLRPVbwWVzf4vq06oqrTT1
13694,eosk3dY7502Pbg6Dsnx0qWKWUpRTliXK,xMd9DzNyUCTLRPVbwWVzf4vq06oqrTT1
13695,eosk3dY7502Pbg6Dsnx0qWKWUpRTliXK,SpATywNh6bZuzm8s1ceuBUnMUAeoAHHw
13776,PUFh3BsQaDVIJMDvwsFTqkrgAzvjO9ME,A3fsA9Zfv1X2fVEQhTw51lKENdNrEqT3
13848,OkJ0lKmMXuQ2MGftQ8Isfw1JciMpapRC,1pvLqtotBsKv7QSOsLicJDQMHx3lui6d
13990,futHw5ylJYoore6oNuefdx05Xc1Es6E8,ykoe1cCWK134BJmfbNoPEenJOIWdtQOZ
14077,TAT1t0HA0deInUIqMQU3qN2hNwJUolWn,ykoe1cCWK134BJmfbNoPEenJOIWdtQOZ
14140,Bos3zEEnAcYzPXQktMkJJ0ak5mhGWCAf,ykoe1cCWK134BJmfbNoPEenJOIWdtQOZ
14295,57qzgJAwfROYPxzSOrsA3G5DLHP95ajU,ykoe1cCWK134BJmfbNoPEenJOIWdtQOZ
14314,zeUi2UnQZPPF6bRQXw2s8LZ41ZOdqRAa,ykoe1cCWK134BJmfbNoPEenJOIWdtQOZ
14702,nPRsjektHdbQkeAf1fIK4JbhrESPbPsA,DPnLzkJJqOOPRJfBxIHbQEERiYHu5ila
15118,Hj4fYYa64lvHLVeQZBqs9EQ1OtgHTvl6,DPnLzkJJqOOPRJfBxIHbQEERiYHu5ila
15632,syrttArug8Mpzs9L0IHsvBtATawYF9J2,DPnLzkJJqOOPRJfBxIHbQEERiYHu5ila
15758,DV9cmKY91lk8lKsMUmLIMP1KsHFcyZMK,DPnLzkJJqOOPRJfBxIHbQEERiYHu5ila
15770,DV9cmKY91lk8lKsMUmLIMP1KsHFcyZMK,AXUJZGmZ0xaYSWazu8RQ1G5c76ECT1Kd
15993,X2XXZYuDF6JxTO2GjiNfzkEyj4FQesn5,DPnLzkJJqOOPRJfBxIHbQEERiYHu5ila
15996,X2XXZYuDF6JxTO2GjiNfzkEyj4FQesn5,AXUJZGmZ0xaYSWazu8RQ1G5c76ECT1Kd
16344,EFkTkZftT8UKiQGx6m8Gni8w9ocFq7gc,DPnLzkJJqOOPRJfBxIHbQEERiYHu5ila
16610,ENgkBIGd3eoNLSkWJaDseXIlE9vWUOUZ,AXUJZGmZ0xaYSWazu8RQ1G5c76ECT1Kd
16614,ENgkBIGd3eoNLSkWJaDseXIlE9vWUOUZ,DPnLzkJJqOOPRJfBxIHbQEERiYHu5ila
16759,NqKjMSY6eOZQ1uSyzlPrquJVqzjvSO7O,V4tXq15GxHo2gaMpaJLZ3IGEkP949IbE
17537,b3FNzt9bW0DYxGtrDwfKBHrmIKO1If8w,DPnLzkJJqOOPRJfBxIHbQEERiYHu5ila
17993,Hoitr98hXhrf7xDGgACEFamKhiarA3wg,I7Go4XwWgpjRJM8EZGEnBpkfSmBNOlsO
18025,u82lBhpDxJIwlZISEntCxj1zgVFdW0vT,I7Go4XwWgpjRJM8EZGEnBpkfSmBNOlsO
18734,JfQVgXDVu1NGs9lcRBOD4w6V7BSaZCc2,3VkHkmOtom3jM2wCu94xgzzu1d6Dn7or
19083,c8WJAdYLV71mOx4ZXSglpCNd0dBUR3Om,I7Go4XwWgpjRJM8EZGEnBpkfSmBNOlsO
19207,sT9hGAnww95aeGvqwQpJlS3ORhWDT49F,I7Go4XwWgpjRJM8EZGEnBpkfSmBNOlsO
19482,s6iksgptFmyh2vfiarKdJkiKnp6RLi3f,1pvLqtotBsKv7QSOsLicJDQMHx3lui6d
19607,BCPOhUa2LrfH93ebCE15VbF0VEWEyi7T,fbPkOYLVPtPgIt0MxizjfFJov3JbHyAi
19617,FcPFK6OTsUF1j3uNGabdzGTvbY8kcO3D,fbPkOYLVPtPgIt0MxizjfFJov3JbHyAi
19642,kQ63n93d5CTXewyEhcoySFeLgYStuYpO,fbPkOYLVPtPgIt0MxizjfFJov3JbHyAi
19694,4GJSwwikGuUWXSajcKoSlvfsoiC8eEZq,fbPkOYLVPtPgIt0MxizjfFJov3JbHyAi
19695,3SP9iNDvUt8m67ZMqC5DpQRe6ekkTpsP,fbPkOYLVPtPgIt0MxizjfFJov3JbHyAi
19746,teqJGecOr4a6oVYU1O9bgvPkX5ZSKA8N,fbPkOYLVPtPgIt0MxizjfFJov3JbHyAi
19776,CfeENerIdAGepleePWSt0SV88ctt0Tmw,fbPkOYLVPtPgIt0MxizjfFJov3JbHyAi
19806,mV6vIHBrgth3lTaajvzuqQeEfK5qY5yY,fbPkOYLVPtPgIt0MxizjfFJov3JbHyAi
19866,BOBLP6pTmRtpQ8LtVgJyutFMDL3q6xno,fbPkOYLVPtPgIt0MxizjfFJov3JbHyAi
20450,mFpiELMd2y5tbkdxs4m8pKS7gXHb7bIO,3VkHkmOtom3jM2wCu94xgzzu1d6Dn7or
20567,ykaUPJW4Nc9r2mv4b25QxgdHgIcQ63RQ,Er0RFawC4sHagDmmQZcBGBrzamLQcblZ
20624,hNJz0qbOhrUgajUkzqSdDbybHkuRglfs,81UZtt1JJwBFYMj5u38WNKCSVA4IJSDv
20651,57qzgJAwfROYPxzSOrsA3G5DLHP95ajU,81UZtt1JJwBFYMj5u38WNKCSVA4IJSDv
20661,kQ63n93d5CTXewyEhcoySFeLgYStuYpO,81UZtt1JJwBFYMj5u38WNKCSVA4IJSDv
20719,J8NkUmSvsrLHkKNXPhFg7o0pG3K7Aywh,81UZtt1JJwBFYMj5u38WNKCSVA4IJSDv
20740,IFqWOl32JJm0W3Ap2jxVCpJeXeLJlYDp,Er0RFawC4sHagDmmQZcBGBrzamLQcblZ
20764,1dxQmK9WwlHWuIG7ZTn4PsJ2vflQBDH3,5Gyp41oLVo7Gg7vF4vpmggWP5MU70QO6
20831,TzUoSJ3pyMjwCKLIHuVSKLad9h9hLr5U,5Gyp41oLVo7Gg7vF4vpmggWP5MU70QO6
20915,EiO5bky9R1Iqlpv4ItUpPBUgGb1eJItE,81UZtt1JJwBFYMj5u38WNKCSVA4IJSDv
20946,QyLVPf4M60EkZ1E7DsOzioCPS0UDQt1T,81UZtt1JJwBFYMj5u38WNKCSVA4IJSDv
20951,QyLVPf4M60EkZ1E7DsOzioCPS0UDQt1T,Er0RFawC4sHagDmmQZcBGBrzamLQcblZ
20961,TzUoSJ3pyMjwCKLIHuVSKLad9h9hLr5U,81UZtt1JJwBFYMj5u38WNKCSVA4IJSDv
20965,oJ9j9ejTgKixczg3tSE8Sg8DPI7YQpJq,Er0RFawC4sHagDmmQZcBGBrzamLQcblZ
20994,BEEx400Zym1Adj0LXV9O094DcgDYxMgU,81UZtt1JJwBFYMj5u38WNKCSVA4IJSDv
21037,w0ZedS6yzDUKJT3yGrp9CDoxetDDlx17,81UZtt1JJwBFYMj5u38WNKCSVA4IJSDv
21081,a4RYqILKcnu8c617gYSbD0KQIm9DqZnc,81UZtt1JJwBFYMj5u38WNKCSVA4IJSDv
21099,oaoj9be4jW2Hot8wYgYrzLRvB0RU4KYy,Er0RFawC4sHagDmmQZcBGBrzamLQcblZ
21151,wdK5DIKl9qd73hM1uOx3ufcKj0J9AcRr,81UZtt1JJwBFYMj5u38WNKCSVA4IJSDv
21284,bUizg9a7xaQ9xo39EDPwubco3asipi0e,81UZtt1JJwBFYMj5u38WNKCSVA4IJSDv
21407,EiO5bky9R1Iqlpv4ItUpPBUgGb1eJItE,Er0RFawC4sHagDmmQZcBGBrzamLQcblZ
22376,OkJ0lKmMXuQ2MGftQ8Isfw1JciMpapRC,5Gyp41oLVo7Gg7vF4vpmggWP5MU70QO6
22582,i0ksX07HnsV5rQlWqOr1uKEuc7yNU24c,5Gyp41oLVo7Gg7vF4vpmggWP5MU70QO6
22781,6TmTcNQyMYVAXbtK6HsQ96Mn7OGENU3z,AXUJZGmZ0xaYSWazu8RQ1G5c76ECT1Kd
22782,6TmTcNQyMYVAXbtK6HsQ96Mn7OGENU3z,NmbZ3BmS8V4pMg6oxXHWpqqMZCE1jvYt
22805,6TmTcNQyMYVAXbtK6HsQ96Mn7OGENU3z,A3fsA9Zfv1X2fVEQhTw51lKENdNrEqT3
22884,l5LfU8gApOG72AnBkdAbfOLQLwFH7Zo2,H2lDW05SyKnwntZ6Fora76aPAEswcMa5
22969,dT92IjRcuruPiAlpqVUTtu3wNL9IIegT,A3fsA9Zfv1X2fVEQhTw51lKENdNrEqT3
23000,UInMBEH8f1h2vxXVslRsWyLOTv8ggYq3,ykoe1cCWK134BJmfbNoPEenJOIWdtQOZ
23006,UInMBEH8f1h2vxXVslRsWyLOTv8ggYq3,A3fsA9Zfv1X2fVEQhTw51lKENdNrEqT3
23023,dT92IjRcuruPiAlpqVUTtu3wNL9IIegT,9Bd26pfDLvkPINwLnpaGcf0LrLUvY1Mz
23031,UInMBEH8f1h2vxXVslRsWyLOTv8ggYq3,H2lDW05SyKnwntZ6Fora76aPAEswcMa5
23049,I2ghGumCKIaVsnJOGZA0xyJzTnEm5KtW,SpATywNh6bZuzm8s1ceuBUnMUAeoAHHw
23290,mcSjHTQSOL9z6LfIHOZuth326lgoEoEd,a2E7NQC7nZB7WHEhKGhKnKvUWtsLAQzh
23319,61ysO1Pg5Q6bsn73gkzoQt72GbhUHgNd,H2lDW05SyKnwntZ6Fora76aPAEswcMa5
23340,hjUSUM6roI2mLGkMAqBjE0uxFRBSMYHJ,V4tXq15GxHo2gaMpaJLZ3IGEkP949IbE
23396,ZFpXjzvya7Y5x9HmUsgToer6v1L16WM2,H2lDW05SyKnwntZ6Fora76aPAEswcMa5
23419,C6xrhZPOmVH2gCVNP26gSSPka2CcwgB5,AXUJZGmZ0xaYSWazu8RQ1G5c76ECT1Kd
23740,oJ9j9ejTgKixczg3tSE8Sg8DPI7YQpJq,SpATywNh6bZuzm8s1ceuBUnMUAeoAHHw
23773,35E85h2ExBPeTd1VmxNX0GKo8krIMsCP,SpATywNh6bZuzm8s1ceuBUnMUAeoAHHw
23827,FBu5R2eGEtl9EDw0VwXtH1t5i2ELpdqI,AXUJZGmZ0xaYSWazu8RQ1G5c76ECT1Kd
23840,FBu5R2eGEtl9EDw0VwXtH1t5i2ELpdqI,SpATywNh6bZuzm8s1ceuBUnMUAeoAHHw
23891,FBu5R2eGEtl9EDw0VwXtH1t5i2ELpdqI,A3fsA9Zfv1X2fVEQhTw51lKENdNrEqT3
24043,57qzgJAwfROYPxzSOrsA3G5DLHP95ajU,H2lDW05SyKnwntZ6Fora76aPAEswcMa5
24053,eosk3dY7502Pbg6Dsnx0qWKWUpRTliXK,A3fsA9Zfv1X2fVEQhTw51lKENdNrEqT3
24080,H7bZ54NuzkB5Nw5q0ZI1nld9qDoHNngL,H2lDW05SyKnwntZ6Fora76aPAEswcMa5
24237,bRG3KNKPz8MtEb5G1Duc4i5IiNMa8ZLU,AXUJZGmZ0xaYSWazu8RQ1G5c76ECT1Kd
24239,bRG3KNKPz8MtEb5G1Duc4i5IiNMa8ZLU,V4tXq15GxHo2gaMpaJLZ3IGEkP949IbE
24360,35E85h2ExBPeTd1VmxNX0GKo8krIMsCP,9Bd26pfDLvkPINwLnpaGcf0LrLUvY1Mz
24364,Jd5OP6GIsguRdsq9k3eSYNENmzhPbdGe,NmbZ3BmS8V4pMg6oxXHWpqqMZCE1jvYt
24404,35E85h2ExBPeTd1VmxNX0GKo8krIMsCP,NmbZ3BmS8V4pMg6oxXHWpqqMZCE1jvYt
24602,tBWD1VTj6Jcj3AQ0AXY8eZtUzkjmoiNH,SpATywNh6bZuzm8s1ceuBUnMUAeoAHHw
24620,RCdcltNaQLfcoxT7YKTjQxAYUbCmzzKd,a2E7NQC7nZB7WHEhKGhKnKvUWtsLAQzh
24635,zn2X74vvqUQRINz90WjZLsSsFglpYr7o,xMd9DzNyUCTLRPVbwWVzf4vq06oqrTT1
24972,KKySZH8Vhrdd4z2bRf8FAPkHeGpE3JpX,V4tXq15GxHo2gaMpaJLZ3IGEkP949IbE
24979,KKySZH8Vhrdd4z2bRf8FAPkHeGpE3JpX,H2lDW05SyKnwntZ6Fora76aPAEswcMa5
24983,KKySZH8Vhrdd4z2bRf8FAPkHeGpE3JpX,3cnZpv6ReApmCaZyaQwi2izDZxVRdC01
26330,wdK5DIKl9qd73hM1uOx3ufcKj0J9AcRr,xMd9DzNyUCTLRPVbwWVzf4vq06oqrTT1
26460,oNf6qoW6E6dhoPJKSUjvElFlUKN9drLY,SpATywNh6bZuzm8s1ceuBUnMUAeoAHHw
26461,oNf6qoW6E6dhoPJKSUjvElFlUKN9drLY,a2E7NQC7nZB7WHEhKGhKnKvUWtsLAQzh
26736,oNf6qoW6E6dhoPJKSUjvElFlUKN9drLY,V4tXq15GxHo2gaMpaJLZ3IGEkP949IbE
26931,luNGlNTmJ26UVXohAPNf4yZNgIUDcpxK,SpATywNh6bZuzm8s1ceuBUnMUAeoAHHw
27111,wdK5DIKl9qd73hM1uOx3ufcKj0J9AcRr,H2lDW05SyKnwntZ6Fora76aPAEswcMa5
27567,CKlck1NtRiTrxKTlx9u8mNsXnR4Cg2LR,81UZtt1JJwBFYMj5u38WNKCSVA4IJSDv
27818,GVRJN4wkoooaXJUVmwnX983A87KsrZPK,81UZtt1JJwBFYMj5u38WNKCSVA4IJSDv
28042,hNJz0qbOhrUgajUkzqSdDbybHkuRglfs,Er0RFawC4sHagDmmQZcBGBrzamLQcblZ
28064,tedGThhHMqVARfBh6zyzyocTKbTJYJpB,81UZtt1JJwBFYMj5u38WNKCSVA4IJSDv
28446,PUFh3BsQaDVIJMDvwsFTqkrgAzvjO9ME,5Gyp41oLVo7Gg7vF4vpmggWP5MU70QO6
28605,UInMBEH8f1h2vxXVslRsWyLOTv8ggYq3,Er0RFawC4sHagDmmQZcBGBrzamLQcblZ
28761,JfQVgXDVu1NGs9lcRBOD4w6V7BSaZCc2,81UZtt1JJwBFYMj5u38WNKCSVA4IJSDv
28791,zn2X74vvqUQRINz90WjZLsSsFglpYr7o,Er0RFawC4sHagDmmQZcBGBrzamLQcblZ
28807,FeSQQc9CIFMTYLlHcSRbUJqf0NNwxJ2K,81UZtt1JJwBFYMj5u38WNKCSVA4IJSDv
28938,HTGHrKrt9bt2no7NEjeTqA36pNapNLke,81UZtt1JJwBFYMj5u38WNKCSVA4IJSDv
29075,4m5GFuE7r7uv3mC9zYjUgCEig5epKquJ,81UZtt1JJwBFYMj5u38WNKCSVA4IJSDv
29084,5vUuq5ZeDCNce4LmvH0naoUjpb3qbNOp,81UZtt1JJwBFYMj5u38WNKCSVA4IJSDv
29130,4m5GFuE7r7uv3mC9zYjUgCEig5epKquJ,Er0RFawC4sHagDmmQZcBGBrzamLQcblZ
29167,3SP9iNDvUt8m67ZMqC5DpQRe6ekkTpsP,5Gyp41oLVo7Gg7vF4vpmggWP5MU70QO6
29198,dT92IjRcuruPiAlpqVUTtu3wNL9IIegT,5Gyp41oLVo7Gg7vF4vpmggWP5MU70QO6
29905,J1iCM60eAwVKTPRoP9hdyFlEQf6db3YF,3VkHkmOtom3jM2wCu94xgzzu1d6Dn7or
29937,kNdT4Mob6J1VkdvqbhmS4aPzbDLqNeYP,3VkHkmOtom3jM2wCu94xgzzu1d6Dn7or
30153,IFqWOl32JJm0W3Ap2jxVCpJeXeLJlYDp,3VkHkmOtom3jM2wCu94xgzzu1d6Dn7or
30325,3IgwuZBiVdgdYRQ9ySaEvpMizbjCJFS0,3VkHkmOtom3jM2wCu94xgzzu1d6Dn7or
30471,w0ZedS6yzDUKJT3yGrp9CDoxetDDlx17,I7Go4XwWgpjRJM8EZGEnBpkfSmBNOlsO
30508,3IgwuZBiVdgdYRQ9ySaEvpMizbjCJFS0,I7Go4XwWgpjRJM8EZGEnBpkfSmBNOlsO
30599,CKlck1NtRiTrxKTlx9u8mNsXnR4Cg2LR,I7Go4XwWgpjRJM8EZGEnBpkfSmBNOlsO
30650,XDPvGyFLLEYwbNEQik2MM4yiADs5rrYJ,3VkHkmOtom3jM2wCu94xgzzu1d6Dn7or
30959,hjUSUM6roI2mLGkMAqBjE0uxFRBSMYHJ,SpATywNh6bZuzm8s1ceuBUnMUAeoAHHw
31062,CfeENerIdAGepleePWSt0SV88ctt0Tmw,A3fsA9Zfv1X2fVEQhTw51lKENdNrEqT3
32007,Fk4hjEUqgyLHxBlk1cbfR9hWyVsJsJLo,V4tXq15GxHo2gaMpaJLZ3IGEkP949IbE
32266,JfQVgXDVu1NGs9lcRBOD4w6V7BSaZCc2,SpATywNh6bZuzm8s1ceuBUnMUAeoAHHw
32371,qKc8EuUOlEzXysFMoXghKaieW3HIaePV,V4tXq15GxHo2gaMpaJLZ3IGEkP949IbE
32554,xbYSqp0T7Uu69VoCNyfTCvQcS3HV3UeU,H2lDW05SyKnwntZ6Fora76aPAEswcMa5
32610,SSpeewBDHUNKkvUJM5ASinNHvMXIOEwr,xMd9DzNyUCTLRPVbwWVzf4vq06oqrTT1
32618,SSpeewBDHUNKkvUJM5ASinNHvMXIOEwr,3cnZpv6ReApmCaZyaQwi2izDZxVRdC01
32628,qKc8EuUOlEzXysFMoXghKaieW3HIaePV,AXUJZGmZ0xaYSWazu8RQ1G5c76ECT1Kd
32661,qKc8EuUOlEzXysFMoXghKaieW3HIaePV,SpATywNh6bZuzm8s1ceuBUnMUAeoAHHw
32679,Jd5OP6GIsguRdsq9k3eSYNENmzhPbdGe,H2lDW05SyKnwntZ6Fora76aPAEswcMa5
32722,Jd5OP6GIsguRdsq9k3eSYNENmzhPbdGe,A3fsA9Zfv1X2fVEQhTw51lKENdNrEqT3
32804,MF5edVvM6lCZDxnMdHelos9TUh3KERjn,H2lDW05SyKnwntZ6Fora76aPAEswcMa5
32814,MF5edVvM6lCZDxnMdHelos9TUh3KERjn,DPnLzkJJqOOPRJfBxIHbQEERiYHu5ila
32916,JfQVgXDVu1NGs9lcRBOD4w6V7BSaZCc2,V4tXq15GxHo2gaMpaJLZ3IGEkP949IbE
33423,w0ZedS6yzDUKJT3yGrp9CDoxetDDlx17,V4tXq15GxHo2gaMpaJLZ3IGEkP949IbE
33431,viuKt4GgrX0rYL5EpHoxJbsiC9TblSuk,A3fsA9Zfv1X2fVEQhTw51lKENdNrEqT3
33490,KKySZH8Vhrdd4z2bRf8FAPkHeGpE3JpX,SpATywNh6bZuzm8s1ceuBUnMUAeoAHHw
33494,KKySZH8Vhrdd4z2bRf8FAPkHeGpE3JpX,A3fsA9Zfv1X2fVEQhTw51lKENdNrEqT3
33596,bgBEVIT7lED5jwl9T1xbuywAm7JQXaqp,H2lDW05SyKnwntZ6Fora76aPAEswcMa5
33624,HbDaABEakQmE8DQEoFoIphu2SH13rFRy,DPnLzkJJqOOPRJfBxIHbQEERiYHu5ila
33759,BCPOhUa2LrfH93ebCE15VbF0VEWEyi7T,I7Go4XwWgpjRJM8EZGEnBpkfSmBNOlsO
33779,nV86nhQ7hJG7k83qAXvGwRzPT357EJhH,I7Go4XwWgpjRJM8EZGEnBpkfSmBNOlsO
34069,8fvsCrC8dcOje6DxrGntnTxmufYXJCrq,I7Go4XwWgpjRJM8EZGEnBpkfSmBNOlsO
34173,BE4JaFadHavW9r5xCXpj3M456eZAgaG6,I7Go4XwWgpjRJM8EZGEnBpkfSmBNOlsO
34182,g3902agYIRHzac78MKVZlvljLMXXNpQ7,3VkHkmOtom3jM2wCu94xgzzu1d6Dn7or
34321,g3902agYIRHzac78MKVZlvljLMXXNpQ7,I7Go4XwWgpjRJM8EZGEnBpkfSmBNOlsO
34497,hjUSUM6roI2mLGkMAqBjE0uxFRBSMYHJ,I7Go4XwWgpjRJM8EZGEnBpkfSmBNOlsO
34839,NqKjMSY6eOZQ1uSyzlPrquJVqzjvSO7O,DPnLzkJJqOOPRJfBxIHbQEERiYHu5ila
34979,vZzTgGwK0cR24BSm1xzdfANP52hj4iMk,DPnLzkJJqOOPRJfBxIHbQEERiYHu5ila
35199,vzQWE9ulRkQ7hUrO1Cw0UEGI4ALwL8Jg,DPnLzkJJqOOPRJfBxIHbQEERiYHu5ila
35275,mcSjHTQSOL9z6LfIHOZuth326lgoEoEd,3VkHkmOtom3jM2wCu94xgzzu1d6Dn7or
35280,oNf6qoW6E6dhoPJKSUjvElFlUKN9drLY,3VkHkmOtom3jM2wCu94xgzzu1d6Dn7or
35320,BCPOhUa2LrfH93ebCE15VbF0VEWEyi7T,3VkHkmOtom3jM2wCu94xgzzu1d6Dn7or
35384,BE4JaFadHavW9r5xCXpj3M456eZAgaG6,3VkHkmOtom3jM2wCu94xgzzu1d6Dn7or
35386,8fvsCrC8dcOje6DxrGntnTxmufYXJCrq,3VkHkmOtom3jM2wCu94xgzzu1d6Dn7or
36115,erkNYBqLpKRElyeL8GeAgO43CMazg6Rt,ykoe1cCWK134BJmfbNoPEenJOIWdtQOZ
36265,ilWzYGLWBh9DSc1MV8g2C4Go5wDNgUHX,ykoe1cCWK134BJmfbNoPEenJOIWdtQOZ
36269,j1APsmZGLFH2gSdJ48obb2yQGO5jtDpT,ykoe1cCWK134BJmfbNoPEenJOIWdtQOZ
36280,Fk4hjEUqgyLHxBlk1cbfR9hWyVsJsJLo,ykoe1cCWK134BJmfbNoPEenJOIWdtQOZ
36335,mV6vIHBrgth3lTaajvzuqQeEfK5qY5yY,ykoe1cCWK134BJmfbNoPEenJOIWdtQOZ
36383,SzqR1lIvSkqy1yQXOqGRgT5uhu7VR5Jw,9Bd26pfDLvkPINwLnpaGcf0LrLUvY1Mz
36408,Bos3zEEnAcYzPXQktMkJJ0ak5mhGWCAf,shM3Yy9vxHn2aqjSYfQXOcwGo0hWh3MI
36460,NqKjMSY6eOZQ1uSyzlPrquJVqzjvSO7O,ykoe1cCWK134BJmfbNoPEenJOIWdtQOZ
36502,ZZo2Tb7BH7FdwQXlvGgrs5cVXBfTwRHG,ykoe1cCWK134BJmfbNoPEenJOIWdtQOZ
36575,nOWqKetxGFQ9o73UNfcoh0XyCt3ITawR,9Bd26pfDLvkPINwLnpaGcf0LrLUvY1Mz
36759,oJ9j9ejTgKixczg3tSE8Sg8DPI7YQpJq,ykoe1cCWK134BJmfbNoPEenJOIWdtQOZ
36792,FELnhQR0c7GZZX82ioYJEZsqujOrfyf7,9Bd26pfDLvkPINwLnpaGcf0LrLUvY1Mz
37444,XDPvGyFLLEYwbNEQik2MM4yiADs5rrYJ,ykoe1cCWK134BJmfbNoPEenJOIWdtQOZ
37502,OkJ0lKmMXuQ2MGftQ8Isfw1JciMpapRC,I7Go4XwWgpjRJM8EZGEnBpkfSmBNOlsO
37579,mFpiELMd2y5tbkdxs4m8pKS7gXHb7bIO,3cnZpv6ReApmCaZyaQwi2izDZxVRdC01
37743,5IM8g7YMOYo5qH7Yu3x31T3JkVOH9iqe,A3fsA9Zfv1X2fVEQhTw51lKENdNrEqT3
37851,6ovqVSF3YZ6bnWJaJ7v2dHPROWXVVlFQ,SpATywNh6bZuzm8s1ceuBUnMUAeoAHHw
38439,dNx7yBBYuWpRM4BeMNLD1yOnUwcueGfB,NmbZ3BmS8V4pMg6oxXHWpqqMZCE1jvYt
38454,dNx7yBBYuWpRM4BeMNLD1yOnUwcueGfB,SpATywNh6bZuzm8s1ceuBUnMUAeoAHHw
38805,dNx7yBBYuWpRM4BeMNLD1yOnUwcueGfB,H2lDW05SyKnwntZ6Fora76aPAEswcMa5
38812,T6EWQ7jVP89JlHzj41KN1gEtGYevpSQM,NmbZ3BmS8V4pMg6oxXHWpqqMZCE1jvYt
38848,nV86nhQ7hJG7k83qAXvGwRzPT357EJhH,3cnZpv6ReApmCaZyaQwi2izDZxVRdC01
38952,BE4JaFadHavW9r5xCXpj3M456eZAgaG6,V4tXq15GxHo2gaMpaJLZ3IGEkP949IbE
38961,BE4JaFadHavW9r5xCXpj3M456eZAgaG6,9Bd26pfDLvkPINwLnpaGcf0LrLUvY1Mz
39028,dNx7yBBYuWpRM4BeMNLD1yOnUwcueGfB,A3fsA9Zfv1X2fVEQhTw51lKENdNrEqT3
39208,SFbTZDEo0JTOG7VHfxeJz2kz3qSzlHq4,xMd9DzNyUCTLRPVbwWVzf4vq06oqrTT1
39224,EP1XQRGS4HZOG1hdGzNZdD1HFhJcHpos,xMd9DzNyUCTLRPVbwWVzf4vq06oqrTT1
39587,X14gKVD1ZKu0qL0NchpqxwhoYSEpz9QI,SpATywNh6bZuzm8s1ceuBUnMUAeoAHHw
39588,X14gKVD1ZKu0qL0NchpqxwhoYSEpz9QI,ykoe1cCWK134BJmfbNoPEenJOIWdtQOZ
39624,Fk4hjEUqgyLHxBlk1cbfR9hWyVsJsJLo,NmbZ3BmS8V4pMg6oxXHWpqqMZCE1jvYt
39807,9D8Fr85Y0xJSTSvXENunTRQkQQzpKKhe,9Bd26pfDLvkPINwLnpaGcf0LrLUvY1Mz
40166,CSh5hGbaSFu2yCb31iVMOVwKocrH471Q,9Bd26pfDLvkPINwLnpaGcf0LrLUvY1Mz
40275,CSh5hGbaSFu2yCb31iVMOVwKocrH471Q,NmbZ3BmS8V4pMg6oxXHWpqqMZCE1jvYt
40282,CSh5hGbaSFu2yCb31iVMOVwKocrH471Q,A3fsA9Zfv1X2fVEQhTw51lKENdNrEqT3
40393,b3FNzt9bW0DYxGtrDwfKBHrmIKO1If8w,SpATywNh6bZuzm8s1ceuBUnMUAeoAHHw
40484,1Pk7jZ6bfmKYXcNnRyEd7kPSZWAEJN0N,NmbZ3BmS8V4pMg6oxXHWpqqMZCE1jvYt
40489,1Pk7jZ6bfmKYXcNnRyEd7kPSZWAEJN0N,H2lDW05SyKnwntZ6Fora76aPAEswcMa5
40494,9D8Fr85Y0xJSTSvXENunTRQkQQzpKKhe,H2lDW05SyKnwntZ6Fora76aPAEswcMa5
40510,1Pk7jZ6bfmKYXcNnRyEd7kPSZWAEJN0N,9Bd26pfDLvkPINwLnpaGcf0LrLUvY1Mz
40724,bUizg9a7xaQ9xo39EDPwubco3asipi0e,H2lDW05SyKnwntZ6Fora76aPAEswcMa5
40753,1Pk7jZ6bfmKYXcNnRyEd7kPSZWAEJN0N,a2E7NQC7nZB7WHEhKGhKnKvUWtsLAQzh
40755,1Pk7jZ6bfmKYXcNnRyEd7kPSZWAEJN0N,SpATywNh6bZuzm8s1ceuBUnMUAeoAHHw
40921,X2XXZYuDF6JxTO2GjiNfzkEyj4FQesn5,H2lDW05SyKnwntZ6Fora76aPAEswcMa5
40972,vzQWE9ulRkQ7hUrO1Cw0UEGI4ALwL8Jg,xMd9DzNyUCTLRPVbwWVzf4vq06oqrTT1
41380,b3FNzt9bW0DYxGtrDwfKBHrmIKO1If8w,AXUJZGmZ0xaYSWazu8RQ1G5c76ECT1Kd
41871,mFpiELMd2y5tbkdxs4m8pKS7gXHb7bIO,81UZtt1JJwBFYMj5u38WNKCSVA4IJSDv
41890,mFpiELMd2y5tbkdxs4m8pKS7gXHb7bIO,Er0RFawC4sHagDmmQZcBGBrzamLQcblZ
41906,OZ02Yntpt8Hg8thsFgejT4NSsPYtVPPm,Er0RFawC4sHagDmmQZcBGBrzamLQcblZ
42143,cJcuhtji0eqLhfXtnFSDlw6v5huTlvOS,81UZtt1JJwBFYMj5u38WNKCSVA4IJSDv
42173,FELnhQR0c7GZZX82ioYJEZsqujOrfyf7,5Gyp41oLVo7Gg7vF4vpmggWP5MU70QO6
42182,FbFzxcgOenGEHKMXxCSjDnrIiqrr6PFf,Er0RFawC4sHagDmmQZcBGBrzamLQcblZ
42234,3SP9iNDvUt8m67ZMqC5DpQRe6ekkTpsP,81UZtt1JJwBFYMj5u38WNKCSVA4IJSDv
42295,cWykzNKAq5sFQBA059QN4Jx74YGPkfwB,81UZtt1JJwBFYMj5u38WNKCSVA4IJSDv
42479,wdyLBUXnKZHWy3hjP9iEUMTvoZlBkTI1,5Gyp41oLVo7Gg7vF4vpmggWP5MU70QO6
42491,OZ02Yntpt8Hg8thsFgejT4NSsPYtVPPm,81UZtt1JJwBFYMj5u38WNKCSVA4IJSDv
42576,wdyLBUXnKZHWy3hjP9iEUMTvoZlBkTI1,Er0RFawC4sHagDmmQZcBGBrzamLQcblZ
43325,B6EpScn9lSCPa3RR6ElGV7QvO5jse6Q3,81UZtt1JJwBFYMj5u38WNKCSVA4IJSDv
43587,2oTvbzieHn2y5oozeOgSnruqE6N0BtR5,81UZtt1JJwBFYMj5u38WNKCSVA4IJSDv
44005,J8NkUmSvsrLHkKNXPhFg7o0pG3K7Aywh,fbPkOYLVPtPgIt0MxizjfFJov3JbHyAi
44006,hjUSUM6roI2mLGkMAqBjE0uxFRBSMYHJ,fbPkOYLVPtPgIt0MxizjfFJov3JbHyAi
44106,futHw5ylJYoore6oNuefdx05Xc1Es6E8,fbPkOYLVPtPgIt0MxizjfFJov3JbHyAi
44147,zeUi2UnQZPPF6bRQXw2s8LZ41ZOdqRAa,fbPkOYLVPtPgIt0MxizjfFJov3JbHyAi
44203,4cRZxyVNjv13lU3nu2aK2rwyndExVCGa,fbPkOYLVPtPgIt0MxizjfFJov3JbHyAi
44270,GMzSpgZQ6jzVsfHn8W8i83JsYNxnP00b,fbPkOYLVPtPgIt0MxizjfFJov3JbHyAi
44552,yZ9FndAKqVsKwZtO1B2JJJblefdbhZ02,9Bd26pfDLvkPINwLnpaGcf0LrLUvY1Mz
44675,oJ9j9ejTgKixczg3tSE8Sg8DPI7YQpJq,9Bd26pfDLvkPINwLnpaGcf0LrLUvY1Mz
45055,LmPOiQGU9K8KbXAhYgpDD175P7sizybX,ykoe1cCWK134BJmfbNoPEenJOIWdtQOZ
45563,AImx2eHFGaeqTe0d3fwuX86fffC0rd9k,shM3Yy9vxHn2aqjSYfQXOcwGo0hWh3MI
45572,wdK5DIKl9qd73hM1uOx3ufcKj0J9AcRr,ykoe1cCWK134BJmfbNoPEenJOIWdtQOZ
45712,bUizg9a7xaQ9xo39EDPwubco3asipi0e,ykoe1cCWK134BJmfbNoPEenJOIWdtQOZ
45839,TOHE2cn8sx2ym4g7cRhp3c9gQIpGV4UB,ykoe1cCWK134BJmfbNoPEenJOIWdtQOZ
45870,bUizg9a7xaQ9xo39EDPwubco3asipi0e,9Bd26pfDLvkPINwLnpaGcf0LrLUvY1Mz
46109,g3902agYIRHzac78MKVZlvljLMXXNpQ7,ykoe1cCWK134BJmfbNoPEenJOIWdtQOZ
46247,8uSQsFhnhoJeSVZylwMfyqKR37MO9Qyr,shM3Yy9vxHn2aqjSYfQXOcwGo0hWh3MI
46596,3SP9iNDvUt8m67ZMqC5DpQRe6ekkTpsP,1pvLqtotBsKv7QSOsLicJDQMHx3lui6d
46646,2oTvbzieHn2y5oozeOgSnruqE6N0BtR5,5Gyp41oLVo7Gg7vF4vpmggWP5MU70QO6
46854,FbFzxcgOenGEHKMXxCSjDnrIiqrr6PFf,81UZtt1JJwBFYMj5u38WNKCSVA4IJSDv
47008,2zQQnqY1LiZ9lcEXTzcE3zimEdKe8CdV,81UZtt1JJwBFYMj5u38WNKCSVA4IJSDv
47367,NqKjMSY6eOZQ1uSyzlPrquJVqzjvSO7O,81UZtt1JJwBFYMj5u38WNKCSVA4IJSDv
47392,BOBLP6pTmRtpQ8LtVgJyutFMDL3q6xno,81UZtt1JJwBFYMj5u38WNKCSVA4IJSDv
47444,xM5gii0ns7HaARWl3dxVVAMGACBUSRsK,81UZtt1JJwBFYMj5u38WNKCSVA4IJSDv
48131,s6iksgptFmyh2vfiarKdJkiKnp6RLi3f,xMd9DzNyUCTLRPVbwWVzf4vq06oqrTT1
48148,2zQQnqY1LiZ9lcEXTzcE3zimEdKe8CdV,SpATywNh6bZuzm8s1ceuBUnMUAeoAHHw
48219,1Ld3jQU8M0eiaLBshs8gjcgQEfdlgHyZ,H2lDW05SyKnwntZ6Fora76aPAEswcMa5
48647,A5P9jrlzLqQKpA3sVBvwbPCf9CAYmtxw,SpATywNh6bZuzm8s1ceuBUnMUAeoAHHw
48700,EUmZ5qzjwgko2PIWEnctkvYh7APnUrX9,shM3Yy9vxHn2aqjSYfQXOcwGo0hWh3MI
48713,Hj4fYYa64lvHLVeQZBqs9EQ1OtgHTvl6,H2lDW05SyKnwntZ6Fora76aPAEswcMa5
48940,ilWzYGLWBh9DSc1MV8g2C4Go5wDNgUHX,a2E7NQC7nZB7WHEhKGhKnKvUWtsLAQzh
49497,tBWD1VTj6Jcj3AQ0AXY8eZtUzkjmoiNH,DPnLzkJJqOOPRJfBxIHbQEERiYHu5ila
49566,Jd5OP6GIsguRdsq9k3eSYNENmzhPbdGe,AXUJZGmZ0xaYSWazu8RQ1G5c76ECT1Kd
49607,3JIUOalPBmkEWX2p9tN1zP0zr58WM3WS,DPnLzkJJqOOPRJfBxIHbQEERiYHu5ila
49640,XRprdFoWtySQSNhPZow4aE4x8DdY6QhU,SpATywNh6bZuzm8s1ceuBUnMUAeoAHHw
49642,XRprdFoWtySQSNhPZow4aE4x8DdY6QhU,3cnZpv6ReApmCaZyaQwi2izDZxVRdC01
49643,XRprdFoWtySQSNhPZow4aE4x8DdY6QhU,DPnLzkJJqOOPRJfBxIHbQEERiYHu5ila
49685,M4KtR07p6NuW0Nzc9JWKn4kOJ33eMAHm,DPnLzkJJqOOPRJfBxIHbQEERiYHu5ila
49813,M4KtR07p6NuW0Nzc9JWKn4kOJ33eMAHm,AXUJZGmZ0xaYSWazu8RQ1G5c76ECT1Kd
49823,M4KtR07p6NuW0Nzc9JWKn4kOJ33eMAHm,shM3Yy9vxHn2aqjSYfQXOcwGo0hWh3MI
49848,M4KtR07p6NuW0Nzc9JWKn4kOJ33eMAHm,9Bd26pfDLvkPINwLnpaGcf0LrLUvY1Mz
49973,3JIUOalPBmkEWX2p9tN1zP0zr58WM3WS,AXUJZGmZ0xaYSWazu8RQ1G5c76ECT1Kd
50107,nYSFDE8RCbcZhD46fRSvPHUvA1ahfupi,NmbZ3BmS8V4pMg6oxXHWpqqMZCE1jvYt
50163,nYSFDE8RCbcZhD46fRSvPHUvA1ahfupi,V4tXq15GxHo2gaMpaJLZ3IGEkP949IbE
50284,DV9cmKY91lk8lKsMUmLIMP1KsHFcyZMK,xMd9DzNyUCTLRPVbwWVzf4vq06oqrTT1
50292,3JIUOalPBmkEWX2p9tN1zP0zr58WM3WS,a2E7NQC7nZB7WHEhKGhKnKvUWtsLAQzh
50758,or5tGmwIQtkxzns3Abayo6pKJnoHWcAG,AXUJZGmZ0xaYSWazu8RQ1G5c76ECT1Kd
50771,or5tGmwIQtkxzns3Abayo6pKJnoHWcAG,DPnLzkJJqOOPRJfBxIHbQEERiYHu5ila
51146,ilWzYGLWBh9DSc1MV8g2C4Go5wDNgUHX,81UZtt1JJwBFYMj5u38WNKCSVA4IJSDv
51473,M8C9BDFICk4ida59GU0jjp556zazDEi1,81UZtt1JJwBFYMj5u38WNKCSVA4IJSDv
51525,WELjmgdsP962Pc1teJ96xvofKraKe6qa,81UZtt1JJwBFYMj5u38WNKCSVA4IJSDv
51925,B6EpScn9lSCPa3RR6ElGV7QvO5jse6Q3,Er0RFawC4sHagDmmQZcBGBrzamLQcblZ
52047,OnOMADnoNlvN8uVDeVdkjVcjflUdOJKt,5Gyp41oLVo7Gg7vF4vpmggWP5MU70QO6
53080,cWykzNKAq5sFQBA059QN4Jx74YGPkfwB,xMd9DzNyUCTLRPVbwWVzf4vq06oqrTT1
53081,qKc8EuUOlEzXysFMoXghKaieW3HIaePV,a2E7NQC7nZB7WHEhKGhKnKvUWtsLAQzh
53087,Bos3zEEnAcYzPXQktMkJJ0ak5mhGWCAf,A3fsA9Zfv1X2fVEQhTw51lKENdNrEqT3
53190,cWykzNKAq5sFQBA059QN4Jx74YGPkfwB,SpATywNh6bZuzm8s1ceuBUnMUAeoAHHw
53375,Wz9l8snB7xy02KowUlwVZlKvIqcEcSjS,SpATywNh6bZuzm8s1ceuBUnMUAeoAHHw
53774,10a3aPUuiEikOQBzdtiLA8dXlMBNaCqq,xMd9DzNyUCTLRPVbwWVzf4vq06oqrTT1
53775,10a3aPUuiEikOQBzdtiLA8dXlMBNaCqq,SpATywNh6bZuzm8s1ceuBUnMUAeoAHHw
53778,10a3aPUuiEikOQBzdtiLA8dXlMBNaCqq,ykoe1cCWK134BJmfbNoPEenJOIWdtQOZ
53782,10a3aPUuiEikOQBzdtiLA8dXlMBNaCqq,V4tXq15GxHo2gaMpaJLZ3IGEkP949IbE
53808,10a3aPUuiEikOQBzdtiLA8dXlMBNaCqq,a2E7NQC7nZB7WHEhKGhKnKvUWtsLAQzh
53935,2N6o6qJ0czxrbv8wbXwP5oVT4Ra8mOYu,ykoe1cCWK134BJmfbNoPEenJOIWdtQOZ
53936,2N6o6qJ0czxrbv8wbXwP5oVT4Ra8mOYu,a2E7NQC7nZB7WHEhKGhKnKvUWtsLAQzh
53956,PUFh3BsQaDVIJMDvwsFTqkrgAzvjO9ME,shM3Yy9vxHn2aqjSYfQXOcwGo0hWh3MI
54319,wykDdjB45pC3zZUNNLpkNXDJGEatsGFp,AXUJZGmZ0xaYSWazu8RQ1G5c76ECT1Kd
54364,wykDdjB45pC3zZUNNLpkNXDJGEatsGFp,V4tXq15GxHo2gaMpaJLZ3IGEkP949IbE
54376,wykDdjB45pC3zZUNNLpkNXDJGEatsGFp,shM3Yy9vxHn2aqjSYfQXOcwGo0hWh3MI
54378,wykDdjB45pC3zZUNNLpkNXDJGEatsGFp,SpATywNh6bZuzm8s1ceuBUnMUAeoAHHw
54383,wykDdjB45pC3zZUNNLpkNXDJGEatsGFp,9Bd26pfDLvkPINwLnpaGcf0LrLUvY1Mz
54618,bgBEVIT7lED5jwl9T1xbuywAm7JQXaqp,fbPkOYLVPtPgIt0MxizjfFJov3JbHyAi
54630,vzQWE9ulRkQ7hUrO1Cw0UEGI4ALwL8Jg,fbPkOYLVPtPgIt0MxizjfFJov3JbHyAi
55557,FELnhQR0c7GZZX82ioYJEZsqujOrfyf7,SpATywNh6bZuzm8s1ceuBUnMUAeoAHHw
56052,M8C9BDFICk4ida59GU0jjp556zazDEi1,a2E7NQC7nZB7WHEhKGhKnKvUWtsLAQzh
56202,xbYSqp0T7Uu69VoCNyfTCvQcS3HV3UeU,SpATywNh6bZuzm8s1ceuBUnMUAeoAHHw
56206,xbYSqp0T7Uu69VoCNyfTCvQcS3HV3UeU,AXUJZGmZ0xaYSWazu8RQ1G5c76ECT1Kd
56646,nOWqKetxGFQ9o73UNfcoh0XyCt3ITawR,DPnLzkJJqOOPRJfBxIHbQEERiYHu5ila
56755,OkJ0lKmMXuQ2MGftQ8Isfw1JciMpapRC,NmbZ3BmS8V4pMg6oxXHWpqqMZCE1jvYt
57010,35E85h2ExBPeTd1VmxNX0GKo8krIMsCP,DPnLzkJJqOOPRJfBxIHbQEERiYHu5ila
57216,2zQQnqY1LiZ9lcEXTzcE3zimEdKe8CdV,H2lDW05SyKnwntZ6Fora76aPAEswcMa5
57238,SSpeewBDHUNKkvUJM5ASinNHvMXIOEwr,V4tXq15GxHo2gaMpaJLZ3IGEkP949IbE
57354,Arkq8NiPd69nYa08JuNw4PEusLHNf9hH,a2E7NQC7nZB7WHEhKGhKnKvUWtsLAQzh
57357,Arkq8NiPd69nYa08JuNw4PEusLHNf9hH,V4tXq15GxHo2gaMpaJLZ3IGEkP949IbE
57358,Arkq8NiPd69nYa08JuNw4PEusLHNf9hH,H2lDW05SyKnwntZ6Fora76aPAEswcMa5
57366,Arkq8NiPd69nYa08JuNw4PEusLHNf9hH,xMd9DzNyUCTLRPVbwWVzf4vq06oqrTT1
57368,Arkq8NiPd69nYa08JuNw4PEusLHNf9hH,DPnLzkJJqOOPRJfBxIHbQEERiYHu5ila
57438,TAT1t0HA0deInUIqMQU3qN2hNwJUolWn,a2E7NQC7nZB7WHEhKGhKnKvUWtsLAQzh
57574,nOWqKetxGFQ9o73UNfcoh0XyCt3ITawR,H2lDW05SyKnwntZ6Fora76aPAEswcMa5
57962,FBu5R2eGEtl9EDw0VwXtH1t5i2ELpdqI,3cnZpv6ReApmCaZyaQwi2izDZxVRdC01
58877,Hoitr98hXhrf7xDGgACEFamKhiarA3wg,SpATywNh6bZuzm8s1ceuBUnMUAeoAHHw
58973,yQ30DktO8KD929ApuNMOdNKTtmTpkfc3,AXUJZGmZ0xaYSWazu8RQ1G5c76ECT1Kd
58979,yQ30DktO8KD929ApuNMOdNKTtmTpkfc3,DPnLzkJJqOOPRJfBxIHbQEERiYHu5ila
58982,yQ30DktO8KD929ApuNMOdNKTtmTpkfc3,H2lDW05SyKnwntZ6Fora76aPAEswcMa5
58986,yQ30DktO8KD929ApuNMOdNKTtmTpkfc3,a2E7NQC7nZB7WHEhKGhKnKvUWtsLAQzh
58988,yQ30DktO8KD929ApuNMOdNKTtmTpkfc3,SpATywNh6bZuzm8s1ceuBUnMUAeoAHHw
59171,EEY05e2oBdca2rsoXfuwyrFxbCmUnL6Y,AXUJZGmZ0xaYSWazu8RQ1G5c76ECT1Kd
59174,EEY05e2oBdca2rsoXfuwyrFxbCmUnL6Y,V4tXq15GxHo2gaMpaJLZ3IGEkP949IbE
59176,EEY05e2oBdca2rsoXfuwyrFxbCmUnL6Y,SpATywNh6bZuzm8s1ceuBUnMUAeoAHHw
59178,EEY05e2oBdca2rsoXfuwyrFxbCmUnL6Y,9Bd26pfDLvkPINwLnpaGcf0LrLUvY1Mz
59197,qKc8EuUOlEzXysFMoXghKaieW3HIaePV,H2lDW05SyKnwntZ6Fora76aPAEswcMa5
59345,EFkTkZftT8UKiQGx6m8Gni8w9ocFq7gc,3VkHkmOtom3jM2wCu94xgzzu1d6Dn7or
59377,FixP7IuJ80KsWtzMzcQsJZKOjLxDKZgC,3VkHkmOtom3jM2wCu94xgzzu1d6Dn7or
59521,RCdcltNaQLfcoxT7YKTjQxAYUbCmzzKd,I7Go4XwWgpjRJM8EZGEnBpkfSmBNOlsO
59572,zn2X74vvqUQRINz90WjZLsSsFglpYr7o,3VkHkmOtom3jM2wCu94xgzzu1d6Dn7or
59747,teqJGecOr4a6oVYU1O9bgvPkX5ZSKA8N,I7Go4XwWgpjRJM8EZGEnBpkfSmBNOlsO
59809,OZ02Yntpt8Hg8thsFgejT4NSsPYtVPPm,I7Go4XwWgpjRJM8EZGEnBpkfSmBNOlsO
60063,OkJ0lKmMXuQ2MGftQ8Isfw1JciMpapRC,AXUJZGmZ0xaYSWazu8RQ1G5c76ECT1Kd
60201,HAAyQYNYY3ULmqhNC56bxv5FSwyMVoqP,DPnLzkJJqOOPRJfBxIHbQEERiYHu5ila
60417,PUFh3BsQaDVIJMDvwsFTqkrgAzvjO9ME,AXUJZGmZ0xaYSWazu8RQ1G5c76ECT1Kd
60422,J8NkUmSvsrLHkKNXPhFg7o0pG3K7Aywh,AXUJZGmZ0xaYSWazu8RQ1G5c76ECT1Kd
60763,KbVIZwe7S3MOh9dlFVWDZwSpf3zNL2tv,1pvLqtotBsKv7QSOsLicJDQMHx3lui6d
61112,AUQbcN6sP8jOc3r7pDcomR6R8baoxLvG,DPnLzkJJqOOPRJfBxIHbQEERiYHu5ila
61381,B6EpScn9lSCPa3RR6ElGV7QvO5jse6Q3,3VkHkmOtom3jM2wCu94xgzzu1d6Dn7or
61416,viuKt4GgrX0rYL5EpHoxJbsiC9TblSuk,3VkHkmOtom3jM2wCu94xgzzu1d6Dn7or
61568,ykaUPJW4Nc9r2mv4b25QxgdHgIcQ63RQ,3VkHkmOtom3jM2wCu94xgzzu1d6Dn7or
61578,2DccYKlqpoQf6OVf4P499VuvWPHZoTTu,3VkHkmOtom3jM2wCu94xgzzu1d6Dn7or
61582,EiO5bky9R1Iqlpv4ItUpPBUgGb1eJItE,3VkHkmOtom3jM2wCu94xgzzu1d6Dn7or
61916,XDPvGyFLLEYwbNEQik2MM4yiADs5rrYJ,A3fsA9Zfv1X2fVEQhTw51lKENdNrEqT3
62086,tBWD1VTj6Jcj3AQ0AXY8eZtUzkjmoiNH,NmbZ3BmS8V4pMg6oxXHWpqqMZCE1jvYt
62700,4m5GFuE7r7uv3mC9zYjUgCEig5epKquJ,V4tXq15GxHo2gaMpaJLZ3IGEkP949IbE
63476,2zQQnqY1LiZ9lcEXTzcE3zimEdKe8CdV,V4tXq15GxHo2gaMpaJLZ3IGEkP949IbE
63766,2oTvbzieHn2y5oozeOgSnruqE6N0BtR5,A3fsA9Zfv1X2fVEQhTw51lKENdNrEqT3
63805,3SP9iNDvUt8m67ZMqC5DpQRe6ekkTpsP,DPnLzkJJqOOPRJfBxIHbQEERiYHu5ila
64776,M4qxCm572dyAklYyW6rlwVA2xGuuy2h9,I7Go4XwWgpjRJM8EZGEnBpkfSmBNOlsO
65117,CUbueK74RGsaWBcRtztdoMN84Z7TxEjm,ykoe1cCWK134BJmfbNoPEenJOIWdtQOZ
65125,g8m22R7W0Wo8v9RXY0TMbj5qf5RFgvht,ykoe1cCWK134BJmfbNoPEenJOIWdtQOZ
65215,Agc8I1aREEPfi2PqA7NK0aenTcuvE1HC,ykoe1cCWK134BJmfbNoPEenJOIWdtQOZ
65458,kNdT4Mob6J1VkdvqbhmS4aPzbDLqNeYP,ykoe1cCWK134BJmfbNoPEenJOIWdtQOZ
65569,k3YRNSEUtBfnCzCI2ffYAi1qqoCc9d8W,ykoe1cCWK134BJmfbNoPEenJOIWdtQOZ
65968,bRG3KNKPz8MtEb5G1Duc4i5IiNMa8ZLU,DPnLzkJJqOOPRJfBxIHbQEERiYHu5ila
66071,8fvsCrC8dcOje6DxrGntnTxmufYXJCrq,ykoe1cCWK134BJmfbNoPEenJOIWdtQOZ
66081,C6xrhZPOmVH2gCVNP26gSSPka2CcwgB5,shM3Yy9vxHn2aqjSYfQXOcwGo0hWh3MI
66109,CfeENerIdAGepleePWSt0SV88ctt0Tmw,ykoe1cCWK134BJmfbNoPEenJOIWdtQOZ
66153,erkNYBqLpKRElyeL8GeAgO43CMazg6Rt,shM3Yy9vxHn2aqjSYfQXOcwGo0hWh3MI
66257,6TmTcNQyMYVAXbtK6HsQ96Mn7OGENU3z,shM3Yy9vxHn2aqjSYfQXOcwGo0hWh3MI
66262,JHhY30IKFzw4LWcyrHuTEglWNqRkqdDU,ykoe1cCWK134BJmfbNoPEenJOIWdtQOZ
66283,9D8Fr85Y0xJSTSvXENunTRQkQQzpKKhe,shM3Yy9vxHn2aqjSYfQXOcwGo0hWh3MI
66343,XRprdFoWtySQSNhPZow4aE4x8DdY6QhU,ykoe1cCWK134BJmfbNoPEenJOIWdtQOZ
66864,EiO5bky9R1Iqlpv4ItUpPBUgGb1eJItE,xMd9DzNyUCTLRPVbwWVzf4vq06oqrTT1
66877,OnOMADnoNlvN8uVDeVdkjVcjflUdOJKt,xMd9DzNyUCTLRPVbwWVzf4vq06oqrTT1
67034,yZ9FndAKqVsKwZtO1B2JJJblefdbhZ02,SpATywNh6bZuzm8s1ceuBUnMUAeoAHHw
67069,I2ghGumCKIaVsnJOGZA0xyJzTnEm5KtW,3cnZpv6ReApmCaZyaQwi2izDZxVRdC01
67232,l5LfU8gApOG72AnBkdAbfOLQLwFH7Zo2,xMd9DzNyUCTLRPVbwWVzf4vq06oqrTT1
67654,2gXHY5qLgY96Nt3kImmboPawcy43EQXt,shM3Yy9vxHn2aqjSYfQXOcwGo0hWh3MI
67796,X2XXZYuDF6JxTO2GjiNfzkEyj4FQesn5,SpATywNh6bZuzm8s1ceuBUnMUAeoAHHw
68063,5vUuq5ZeDCNce4LmvH0naoUjpb3qbNOp,9Bd26pfDLvkPINwLnpaGcf0LrLUvY1Mz
68238,3SP9iNDvUt8m67ZMqC5DpQRe6ekkTpsP,shM3Yy9vxHn2aqjSYfQXOcwGo0hWh3MI
68714,AUQbcN6sP8jOc3r7pDcomR6R8baoxLvG,SpATywNh6bZuzm8s1ceuBUnMUAeoAHHw
68752,l5LfU8gApOG72AnBkdAbfOLQLwFH7Zo2,NmbZ3BmS8V4pMg6oxXHWpqqMZCE1jvYt
68755,2gXHY5qLgY96Nt3kImmboPawcy43EQXt,xMd9DzNyUCTLRPVbwWVzf4vq06oqrTT1
68828,5IM8g7YMOYo5qH7Yu3x31T3JkVOH9iqe,H2lDW05SyKnwntZ6Fora76aPAEswcMa5
69076,cy1UxkAxcqJswFy9Syqm01bsE17PQcla,SpATywNh6bZuzm8s1ceuBUnMUAeoAHHw
69440,WELjmgdsP962Pc1teJ96xvofKraKe6qa,shM3Yy9vxHn2aqjSYfQXOcwGo0hWh3MI
69769,Io5gLr8QOxaBw8nFReloAXOpt3IlZ5WE,H2lDW05SyKnwntZ6Fora76aPAEswcMa5
69881,uxXbNZQzMKFVtvkoRDDVyoOZczad3AGk,H2lDW05SyKnwntZ6Fora76aPAEswcMa5
69885,uxXbNZQzMKFVtvkoRDDVyoOZczad3AGk,a2E7NQC7nZB7WHEhKGhKnKvUWtsLAQzh
69887,uxXbNZQzMKFVtvkoRDDVyoOZczad3AGk,SpATywNh6bZuzm8s1ceuBUnMUAeoAHHw
69888,uxXbNZQzMKFVtvkoRDDVyoOZczad3AGk,xMd9DzNyUCTLRPVbwWVzf4vq06oqrTT1
69896,uxXbNZQzMKFVtvkoRDDVyoOZczad3AGk,A3fsA9Zfv1X2fVEQhTw51lKENdNrEqT3
69938,Bos3zEEnAcYzPXQktMkJJ0ak5mhGWCAf,9Bd26pfDLvkPINwLnpaGcf0LrLUvY1Mz
70939,TY4t65XwSRMNK0q3MPTxoH0jDDniCwnz,DPnLzkJJqOOPRJfBxIHbQEERiYHu5ila
71071,1Ld3jQU8M0eiaLBshs8gjcgQEfdlgHyZ,a2E7NQC7nZB7WHEhKGhKnKvUWtsLAQzh
71293,KbVIZwe7S3MOh9dlFVWDZwSpf3zNL2tv,DPnLzkJJqOOPRJfBxIHbQEERiYHu5ila
71475,OnOMADnoNlvN8uVDeVdkjVcjflUdOJKt,3cnZpv6ReApmCaZyaQwi2izDZxVRdC01
71717,p0fw4v0FzqDHoIprXWv2PhAw9MEKisrS,AXUJZGmZ0xaYSWazu8RQ1G5c76ECT1Kd
71764,kNdT4Mob6J1VkdvqbhmS4aPzbDLqNeYP,V4tXq15GxHo2gaMpaJLZ3IGEkP949IbE
71827,SzqR1lIvSkqy1yQXOqGRgT5uhu7VR5Jw,DPnLzkJJqOOPRJfBxIHbQEERiYHu5ila
72025,EReWp6ilgaQY61GGX2jAkIc5IQisheJq,H2lDW05SyKnwntZ6Fora76aPAEswcMa5
72167,bUizg9a7xaQ9xo39EDPwubco3asipi0e,a2E7NQC7nZB7WHEhKGhKnKvUWtsLAQzh
72299,AImx2eHFGaeqTe0d3fwuX86fffC0rd9k,NmbZ3BmS8V4pMg6oxXHWpqqMZCE1jvYt
72300,AImx2eHFGaeqTe0d3fwuX86fffC0rd9k,AXUJZGmZ0xaYSWazu8RQ1G5c76ECT1Kd
72302,AImx2eHFGaeqTe0d3fwuX86fffC0rd9k,3cnZpv6ReApmCaZyaQwi2izDZxVRdC01
72337,6ovqVSF3YZ6bnWJaJ7v2dHPROWXVVlFQ,a2E7NQC7nZB7WHEhKGhKnKvUWtsLAQzh
72370,WI9rk8aS11tBAJzjcX0JSIgomYYRQVjW,SpATywNh6bZuzm8s1ceuBUnMUAeoAHHw
72669,Ecxkox9cBNw9DlXWEeDlSJP4O73ORQaY,3cnZpv6ReApmCaZyaQwi2izDZxVRdC01
72739,Jd5OP6GIsguRdsq9k3eSYNENmzhPbdGe,DPnLzkJJqOOPRJfBxIHbQEERiYHu5ila
72797,TAT1t0HA0deInUIqMQU3qN2hNwJUolWn,V4tXq15GxHo2gaMpaJLZ3IGEkP949IbE
72922,ria1rZm5v1iNiSZkl2at79lKlYWZvHeF,SpATywNh6bZuzm8s1ceuBUnMUAeoAHHw
72924,ria1rZm5v1iNiSZkl2at79lKlYWZvHeF,a2E7NQC7nZB7WHEhKGhKnKvUWtsLAQzh
73111,TOybu3VTl57Gwz61jxLAAYZF2xYkGB5M,a2E7NQC7nZB7WHEhKGhKnKvUWtsLAQzh
73772,FbFzxcgOenGEHKMXxCSjDnrIiqrr6PFf,3VkHkmOtom3jM2wCu94xgzzu1d6Dn7or
73844,ENgkBIGd3eoNLSkWJaDseXIlE9vWUOUZ,1pvLqtotBsKv7QSOsLicJDQMHx3lui6d
74396,M8C9BDFICk4ida59GU0jjp556zazDEi1,DPnLzkJJqOOPRJfBxIHbQEERiYHu5ila
76015,03LSJMJGCEPYScMXgYv3wZ9A4zZCWROs,SpATywNh6bZuzm8s1ceuBUnMUAeoAHHw
76018,03LSJMJGCEPYScMXgYv3wZ9A4zZCWROs,DPnLzkJJqOOPRJfBxIHbQEERiYHu5ila
76019,03LSJMJGCEPYScMXgYv3wZ9A4zZCWROs,AXUJZGmZ0xaYSWazu8RQ1G5c76ECT1Kd
76066,o9SCOAY5nuSxaVorNF1mq3E0AGKQbCox,xMd9DzNyUCTLRPVbwWVzf4vq06oqrTT1
76151,o9SCOAY5nuSxaVorNF1mq3E0AGKQbCox,AXUJZGmZ0xaYSWazu8RQ1G5c76ECT1Kd
76159,TAT1t0HA0deInUIqMQU3qN2hNwJUolWn,3cnZpv6ReApmCaZyaQwi2izDZxVRdC01
76407,MF5edVvM6lCZDxnMdHelos9TUh3KERjn,81UZtt1JJwBFYMj5u38WNKCSVA4IJSDv
76471,GVRJN4wkoooaXJUVmwnX983A87KsrZPK,5Gyp41oLVo7Gg7vF4vpmggWP5MU70QO6
76492,okqN4nBVKRYYrkYonKicKGOmPqVGYjZh,81UZtt1JJwBFYMj5u38WNKCSVA4IJSDv
76498,TfgVRC9skFsGu3qq14caEQmfjmrp7rot,81UZtt1JJwBFYMj5u38WNKCSVA4IJSDv
76861,cYibpCaMUGq0WjgUWfTv0iIvJ7QbFj5E,5Gyp41oLVo7Gg7vF4vpmggWP5MU70QO6
77251,FixP7IuJ80KsWtzMzcQsJZKOjLxDKZgC,81UZtt1JJwBFYMj5u38WNKCSVA4IJSDv
77883,viuKt4GgrX0rYL5EpHoxJbsiC9TblSuk,a2E7NQC7nZB7WHEhKGhKnKvUWtsLAQzh
77892,viuKt4GgrX0rYL5EpHoxJbsiC9TblSuk,NmbZ3BmS8V4pMg6oxXHWpqqMZCE1jvYt
77993,c8WJAdYLV71mOx4ZXSglpCNd0dBUR3Om,A3fsA9Zfv1X2fVEQhTw51lKENdNrEqT3
78048,viuKt4GgrX0rYL5EpHoxJbsiC9TblSuk,9Bd26pfDLvkPINwLnpaGcf0LrLUvY1Mz
78060,xbYSqp0T7Uu69VoCNyfTCvQcS3HV3UeU,a2E7NQC7nZB7WHEhKGhKnKvUWtsLAQzh
78218,1Ld3jQU8M0eiaLBshs8gjcgQEfdlgHyZ,shM3Yy9vxHn2aqjSYfQXOcwGo0hWh3MI
78274,EvySN154YDM9eHA8rncD5Y4XnKitTOWj,V4tXq15GxHo2gaMpaJLZ3IGEkP949IbE
78347,DKe2GInb7SCNSrksG80cnhQaLYFATj0E,AXUJZGmZ0xaYSWazu8RQ1G5c76ECT1Kd
78520,cYibpCaMUGq0WjgUWfTv0iIvJ7QbFj5E,H2lDW05SyKnwntZ6Fora76aPAEswcMa5
78525,cYibpCaMUGq0WjgUWfTv0iIvJ7QbFj5E,a2E7NQC7nZB7WHEhKGhKnKvUWtsLAQzh
78527,cYibpCaMUGq0WjgUWfTv0iIvJ7QbFj5E,xMd9DzNyUCTLRPVbwWVzf4vq06oqrTT1
78556,cWykzNKAq5sFQBA059QN4Jx74YGPkfwB,A3fsA9Zfv1X2fVEQhTw51lKENdNrEqT3
78641,ywdL3xkp7d2PSjbvnflAvIe7Wp6Q4SRe,H2lDW05SyKnwntZ6Fora76aPAEswcMa5
79002,ria1rZm5v1iNiSZkl2at79lKlYWZvHeF,V4tXq15GxHo2gaMpaJLZ3IGEkP949IbE
79159,cJcuhtji0eqLhfXtnFSDlw6v5huTlvOS,ykoe1cCWK134BJmfbNoPEenJOIWdtQOZ
79261,Agc8I1aREEPfi2PqA7NK0aenTcuvE1HC,H2lDW05SyKnwntZ6Fora76aPAEswcMa5
79398,YAsCREgt5tIqJEvOtaek3jtgsLn87nEr,NmbZ3BmS8V4pMg6oxXHWpqqMZCE1jvYt
79475,EEY05e2oBdca2rsoXfuwyrFxbCmUnL6Y,shM3Yy9vxHn2aqjSYfQXOcwGo0hWh3MI
79572,qMFAmPw34z5IViYTtA1Kkpcn2uEg1WBM,3cnZpv6ReApmCaZyaQwi2izDZxVRdC01
79655,G4MfAXnz0EbVaCbavnksnUIxHSPSMOp9,H2lDW05SyKnwntZ6Fora76aPAEswcMa5
79982,syrttArug8Mpzs9L0IHsvBtATawYF9J2,xMd9DzNyUCTLRPVbwWVzf4vq06oqrTT1
80012,T6EWQ7jVP89JlHzj41KN1gEtGYevpSQM,a2E7NQC7nZB7WHEhKGhKnKvUWtsLAQzh
80117,k3YRNSEUtBfnCzCI2ffYAi1qqoCc9d8W,xMd9DzNyUCTLRPVbwWVzf4vq06oqrTT1
80215,G4MfAXnz0EbVaCbavnksnUIxHSPSMOp9,AXUJZGmZ0xaYSWazu8RQ1G5c76ECT1Kd
80284,TY4t65XwSRMNK0q3MPTxoH0jDDniCwnz,3cnZpv6ReApmCaZyaQwi2izDZxVRdC01
80288,TY4t65XwSRMNK0q3MPTxoH0jDDniCwnz,A3fsA9Zfv1X2fVEQhTw51lKENdNrEqT3
80298,TY4t65XwSRMNK0q3MPTxoH0jDDniCwnz,SpATywNh6bZuzm8s1ceuBUnMUAeoAHHw
80302,TY4t65XwSRMNK0q3MPTxoH0jDDniCwnz,V4tXq15GxHo2gaMpaJLZ3IGEkP949IbE
80304,TY4t65XwSRMNK0q3MPTxoH0jDDniCwnz,H2lDW05SyKnwntZ6Fora76aPAEswcMa5
80308,TY4t65XwSRMNK0q3MPTxoH0jDDniCwnz,AXUJZGmZ0xaYSWazu8RQ1G5c76ECT1Kd
80649,mFpiELMd2y5tbkdxs4m8pKS7gXHb7bIO,H2lDW05SyKnwntZ6Fora76aPAEswcMa5
81165,I2ghGumCKIaVsnJOGZA0xyJzTnEm5KtW,81UZtt1JJwBFYMj5u38WNKCSVA4IJSDv
81302,FcPFK6OTsUF1j3uNGabdzGTvbY8kcO3D,81UZtt1JJwBFYMj5u38WNKCSVA4IJSDv
81478,EFkTkZftT8UKiQGx6m8Gni8w9ocFq7gc,81UZtt1JJwBFYMj5u38WNKCSVA4IJSDv
81488,J1iCM60eAwVKTPRoP9hdyFlEQf6db3YF,81UZtt1JJwBFYMj5u38WNKCSVA4IJSDv
81673,FcPFK6OTsUF1j3uNGabdzGTvbY8kcO3D,5Gyp41oLVo7Gg7vF4vpmggWP5MU70QO6
81857,a4RYqILKcnu8c617gYSbD0KQIm9DqZnc,Er0RFawC4sHagDmmQZcBGBrzamLQcblZ
82097,tedGThhHMqVARfBh6zyzyocTKbTJYJpB,5Gyp41oLVo7Gg7vF4vpmggWP5MU70QO6
82164,u82lBhpDxJIwlZISEntCxj1zgVFdW0vT,81UZtt1JJwBFYMj5u38WNKCSVA4IJSDv
82263,o7nB1nybhMcFgLy31X3R6RDOK94b1Iaa,Er0RFawC4sHagDmmQZcBGBrzamLQcblZ
82403,viuKt4GgrX0rYL5EpHoxJbsiC9TblSuk,DPnLzkJJqOOPRJfBxIHbQEERiYHu5ila
82914,cJcuhtji0eqLhfXtnFSDlw6v5huTlvOS,A3fsA9Zfv1X2fVEQhTw51lKENdNrEqT3
83004,Hj4fYYa64lvHLVeQZBqs9EQ1OtgHTvl6,V4tXq15GxHo2gaMpaJLZ3IGEkP949IbE
83226,EUmZ5qzjwgko2PIWEnctkvYh7APnUrX9,3cnZpv6ReApmCaZyaQwi2izDZxVRdC01
83278,dT92IjRcuruPiAlpqVUTtu3wNL9IIegT,xMd9DzNyUCTLRPVbwWVzf4vq06oqrTT1
83323,kQ63n93d5CTXewyEhcoySFeLgYStuYpO,xMd9DzNyUCTLRPVbwWVzf4vq06oqrTT1
83412,AImx2eHFGaeqTe0d3fwuX86fffC0rd9k,SpATywNh6bZuzm8s1ceuBUnMUAeoAHHw
83648,u82lBhpDxJIwlZISEntCxj1zgVFdW0vT,DPnLzkJJqOOPRJfBxIHbQEERiYHu5ila
83871,k3YRNSEUtBfnCzCI2ffYAi1qqoCc9d8W,3cnZpv6ReApmCaZyaQwi2izDZxVRdC01
84677,BEEx400Zym1Adj0LXV9O094DcgDYxMgU,AXUJZGmZ0xaYSWazu8RQ1G5c76ECT1Kd
84704,1Ld3jQU8M0eiaLBshs8gjcgQEfdlgHyZ,AXUJZGmZ0xaYSWazu8RQ1G5c76ECT1Kd
84709,1Ld3jQU8M0eiaLBshs8gjcgQEfdlgHyZ,A3fsA9Zfv1X2fVEQhTw51lKENdNrEqT3
84847,FeSQQc9CIFMTYLlHcSRbUJqf0NNwxJ2K,A3fsA9Zfv1X2fVEQhTw51lKENdNrEqT3
84848,ykaUPJW4Nc9r2mv4b25QxgdHgIcQ63RQ,A3fsA9Zfv1X2fVEQhTw51lKENdNrEqT3
84850,FeSQQc9CIFMTYLlHcSRbUJqf0NNwxJ2K,3cnZpv6ReApmCaZyaQwi2izDZxVRdC01
84882,B6EpScn9lSCPa3RR6ElGV7QvO5jse6Q3,V4tXq15GxHo2gaMpaJLZ3IGEkP949IbE
84947,wdyLBUXnKZHWy3hjP9iEUMTvoZlBkTI1,H2lDW05SyKnwntZ6Fora76aPAEswcMa5
84974,syrttArug8Mpzs9L0IHsvBtATawYF9J2,ykoe1cCWK134BJmfbNoPEenJOIWdtQOZ
84993,61ysO1Pg5Q6bsn73gkzoQt72GbhUHgNd,shM3Yy9vxHn2aqjSYfQXOcwGo0hWh3MI
85086,TOybu3VTl57Gwz61jxLAAYZF2xYkGB5M,V4tXq15GxHo2gaMpaJLZ3IGEkP949IbE
85326,kNdT4Mob6J1VkdvqbhmS4aPzbDLqNeYP,H2lDW05SyKnwntZ6Fora76aPAEswcMa5
85360,sT9hGAnww95aeGvqwQpJlS3ORhWDT49F,SpATywNh6bZuzm8s1ceuBUnMUAeoAHHw
85642,u82lBhpDxJIwlZISEntCxj1zgVFdW0vT,3VkHkmOtom3jM2wCu94xgzzu1d6Dn7or
85649,BXEKxoXoxulJe6lVUNmBzkuoxML0RzPQ,I7Go4XwWgpjRJM8EZGEnBpkfSmBNOlsO
85749,PUFh3BsQaDVIJMDvwsFTqkrgAzvjO9ME,I7Go4XwWgpjRJM8EZGEnBpkfSmBNOlsO
85926,wdyLBUXnKZHWy3hjP9iEUMTvoZlBkTI1,I7Go4XwWgpjRJM8EZGEnBpkfSmBNOlsO
85938,nOWqKetxGFQ9o73UNfcoh0XyCt3ITawR,I7Go4XwWgpjRJM8EZGEnBpkfSmBNOlsO
86088,bUizg9a7xaQ9xo39EDPwubco3asipi0e,I7Go4XwWgpjRJM8EZGEnBpkfSmBNOlsO
86274,nV86nhQ7hJG7k83qAXvGwRzPT357EJhH,3VkHkmOtom3jM2wCu94xgzzu1d6Dn7or
86454,4cRZxyVNjv13lU3nu2aK2rwyndExVCGa,I7Go4XwWgpjRJM8EZGEnBpkfSmBNOlsO
86910,3IgwuZBiVdgdYRQ9ySaEvpMizbjCJFS0,V4tXq15GxHo2gaMpaJLZ3IGEkP949IbE
86960,s6iksgptFmyh2vfiarKdJkiKnp6RLi3f,9Bd26pfDLvkPINwLnpaGcf0LrLUvY1Mz
86962,M4KtR07p6NuW0Nzc9JWKn4kOJ33eMAHm,H2lDW05SyKnwntZ6Fora76aPAEswcMa5
87029,2DccYKlqpoQf6OVf4P499VuvWPHZoTTu,H2lDW05SyKnwntZ6Fora76aPAEswcMa5
87644,or5tGmwIQtkxzns3Abayo6pKJnoHWcAG,xMd9DzNyUCTLRPVbwWVzf4vq06oqrTT1
87645,or5tGmwIQtkxzns3Abayo6pKJnoHWcAG,A3fsA9Zfv1X2fVEQhTw51lKENdNrEqT3
87771,XRprdFoWtySQSNhPZow4aE4x8DdY6QhU,V4tXq15GxHo2gaMpaJLZ3IGEkP949IbE
88008,WELjmgdsP962Pc1teJ96xvofKraKe6qa,H2lDW05SyKnwntZ6Fora76aPAEswcMa5
89199,g3902agYIRHzac78MKVZlvljLMXXNpQ7,shM3Yy9vxHn2aqjSYfQXOcwGo0hWh3MI
89221,UaSh8dwx8gnofYbXlmpqj9uYDbpJ89pX,3cnZpv6ReApmCaZyaQwi2izDZxVRdC01
89244,hjUSUM6roI2mLGkMAqBjE0uxFRBSMYHJ,3cnZpv6ReApmCaZyaQwi2izDZxVRdC01
89504,g8m22R7W0Wo8v9RXY0TMbj5qf5RFgvht,SpATywNh6bZuzm8s1ceuBUnMUAeoAHHw
89736,bRDMid9iRGcartTY4OAKAdQRbX2j8Y86,SpATywNh6bZuzm8s1ceuBUnMUAeoAHHw
89740,bRDMid9iRGcartTY4OAKAdQRbX2j8Y86,shM3Yy9vxHn2aqjSYfQXOcwGo0hWh3MI
89758,bRDMid9iRGcartTY4OAKAdQRbX2j8Y86,NmbZ3BmS8V4pMg6oxXHWpqqMZCE1jvYt
89778,bRDMid9iRGcartTY4OAKAdQRbX2j8Y86,ykoe1cCWK134BJmfbNoPEenJOIWdtQOZ
89893,HAAyQYNYY3ULmqhNC56bxv5FSwyMVoqP,SpATywNh6bZuzm8s1ceuBUnMUAeoAHHw
89898,MrptC6k13DRD7ZeJDHvlsVV8mT19fxZF,ykoe1cCWK134BJmfbNoPEenJOIWdtQOZ
89926,OnOMADnoNlvN8uVDeVdkjVcjflUdOJKt,shM3Yy9vxHn2aqjSYfQXOcwGo0hWh3MI
90011,KbVIZwe7S3MOh9dlFVWDZwSpf3zNL2tv,SpATywNh6bZuzm8s1ceuBUnMUAeoAHHw
90326,J1iCM60eAwVKTPRoP9hdyFlEQf6db3YF,SpATywNh6bZuzm8s1ceuBUnMUAeoAHHw
90386,u82lBhpDxJIwlZISEntCxj1zgVFdW0vT,NmbZ3BmS8V4pMg6oxXHWpqqMZCE1jvYt
90653,Agc8I1aREEPfi2PqA7NK0aenTcuvE1HC,xMd9DzNyUCTLRPVbwWVzf4vq06oqrTT1
91103,mXfwwTIVjHMqoVKAh2iEQbinKUCJHwTp,shM3Yy9vxHn2aqjSYfQXOcwGo0hWh3MI
91375,X4KSPkBIdPEeXdEy4Fa5NvixCQZdfNj3,NmbZ3BmS8V4pMg6oxXHWpqqMZCE1jvYt
91514,OnOMADnoNlvN8uVDeVdkjVcjflUdOJKt,9Bd26pfDLvkPINwLnpaGcf0LrLUvY1Mz
91535,2gXHY5qLgY96Nt3kImmboPawcy43EQXt,9Bd26pfDLvkPINwLnpaGcf0LrLUvY1Mz
91566,X2XXZYuDF6JxTO2GjiNfzkEyj4FQesn5,ykoe1cCWK134BJmfbNoPEenJOIWdtQOZ
92232,vzQWE9ulRkQ7hUrO1Cw0UEGI4ALwL8Jg,I7Go4XwWgpjRJM8EZGEnBpkfSmBNOlsO
92255,X4KSPkBIdPEeXdEy4Fa5NvixCQZdfNj3,I7Go4XwWgpjRJM8EZGEnBpkfSmBNOlsO
92876,vzQWE9ulRkQ7hUrO1Cw0UEGI4ALwL8Jg,H2lDW05SyKnwntZ6Fora76aPAEswcMa5
92949,erkNYBqLpKRElyeL8GeAgO43CMazg6Rt,a2E7NQC7nZB7WHEhKGhKnKvUWtsLAQzh
92955,erkNYBqLpKRElyeL8GeAgO43CMazg6Rt,xMd9DzNyUCTLRPVbwWVzf4vq06oqrTT1
92964,erkNYBqLpKRElyeL8GeAgO43CMazg6Rt,H2lDW05SyKnwntZ6Fora76aPAEswcMa5
92966,erkNYBqLpKRElyeL8GeAgO43CMazg6Rt,V4tXq15GxHo2gaMpaJLZ3IGEkP949IbE
93039,BOBLP6pTmRtpQ8LtVgJyutFMDL3q6xno,V4tXq15GxHo2gaMpaJLZ3IGEkP949IbE
93434,BCPOhUa2LrfH93ebCE15VbF0VEWEyi7T,SpATywNh6bZuzm8s1ceuBUnMUAeoAHHw
93578,X14gKVD1ZKu0qL0NchpqxwhoYSEpz9QI,H2lDW05SyKnwntZ6Fora76aPAEswcMa5
93664,wmwDf7eIRrKPL0l8cNmMygnEPd5vzoqs,A3fsA9Zfv1X2fVEQhTw51lKENdNrEqT3
93868,mSs5bB1Rxg3xYWjWjJY9pVTt7WAiMgyu,NmbZ3BmS8V4pMg6oxXHWpqqMZCE1jvYt
93875,mSs5bB1Rxg3xYWjWjJY9pVTt7WAiMgyu,xMd9DzNyUCTLRPVbwWVzf4vq06oqrTT1
94286,M8C9BDFICk4ida59GU0jjp556zazDEi1,A3fsA9Zfv1X2fVEQhTw51lKENdNrEqT3
94305,M8C9BDFICk4ida59GU0jjp556zazDEi1,9Bd26pfDLvkPINwLnpaGcf0LrLUvY1Mz
94892,nPRsjektHdbQkeAf1fIK4JbhrESPbPsA,fbPkOYLVPtPgIt0MxizjfFJov3JbHyAi
94935,KbVIZwe7S3MOh9dlFVWDZwSpf3zNL2tv,fbPkOYLVPtPgIt0MxizjfFJov3JbHyAi
94940,2gXHY5qLgY96Nt3kImmboPawcy43EQXt,fbPkOYLVPtPgIt0MxizjfFJov3JbHyAi
94954,OkJ0lKmMXuQ2MGftQ8Isfw1JciMpapRC,ykoe1cCWK134BJmfbNoPEenJOIWdtQOZ
94972,5IM8g7YMOYo5qH7Yu3x31T3JkVOH9iqe,ykoe1cCWK134BJmfbNoPEenJOIWdtQOZ
95087,ZFpXjzvya7Y5x9HmUsgToer6v1L16WM2,ykoe1cCWK134BJmfbNoPEenJOIWdtQOZ
95145,bRG3KNKPz8MtEb5G1Duc4i5IiNMa8ZLU,ykoe1cCWK134BJmfbNoPEenJOIWdtQOZ
95415,UaSh8dwx8gnofYbXlmpqj9uYDbpJ89pX,H2lDW05SyKnwntZ6Fora76aPAEswcMa5
95466,g8m22R7W0Wo8v9RXY0TMbj5qf5RFgvht,V4tXq15GxHo2gaMpaJLZ3IGEkP949IbE
95570,nYSFDE8RCbcZhD46fRSvPHUvA1ahfupi,SpATywNh6bZuzm8s1ceuBUnMUAeoAHHw
95582,nYSFDE8RCbcZhD46fRSvPHUvA1ahfupi,a2E7NQC7nZB7WHEhKGhKnKvUWtsLAQzh
95866,wdK5DIKl9qd73hM1uOx3ufcKj0J9AcRr,A3fsA9Zfv1X2fVEQhTw51lKENdNrEqT3
96566,teqJGecOr4a6oVYU1O9bgvPkX5ZSKA8N,3VkHkmOtom3jM2wCu94xgzzu1d6Dn7or
96621,NqKjMSY6eOZQ1uSyzlPrquJVqzjvSO7O,3VkHkmOtom3jM2wCu94xgzzu1d6Dn7or
96638,TQ1Tb2cgiG68xs6aUf696l3C3zHYq6fS,3VkHkmOtom3jM2wCu94xgzzu1d6Dn7or
96757,TQ1Tb2cgiG68xs6aUf696l3C3zHYq6fS,xMd9DzNyUCTLRPVbwWVzf4vq06oqrTT1
96845,M8C9BDFICk4ida59GU0jjp556zazDEi1,NmbZ3BmS8V4pMg6oxXHWpqqMZCE1jvYt
96847,M8C9BDFICk4ida59GU0jjp556zazDEi1,xMd9DzNyUCTLRPVbwWVzf4vq06oqrTT1
97200,XDPvGyFLLEYwbNEQik2MM4yiADs5rrYJ,H2lDW05SyKnwntZ6Fora76aPAEswcMa5
97431,s6iksgptFmyh2vfiarKdJkiKnp6RLi3f,H2lDW05SyKnwntZ6Fora76aPAEswcMa5
98001,xM5gii0ns7HaARWl3dxVVAMGACBUSRsK,I7Go4XwWgpjRJM8EZGEnBpkfSmBNOlsO
98137,A5P9jrlzLqQKpA3sVBvwbPCf9CAYmtxw,I7Go4XwWgpjRJM8EZGEnBpkfSmBNOlsO
98291,TQ1Tb2cgiG68xs6aUf696l3C3zHYq6fS,I7Go4XwWgpjRJM8EZGEnBpkfSmBNOlsO
99073,zeUi2UnQZPPF6bRQXw2s8LZ41ZOdqRAa,H2lDW05SyKnwntZ6Fora76aPAEswcMa5
99197,cKCzrCCCXe9nkBgWepq9AEXje7SITRTz,9Bd26pfDLvkPINwLnpaGcf0LrLUvY1Mz
99261,k3YRNSEUtBfnCzCI2ffYAi1qqoCc9d8W,H2lDW05SyKnwntZ6Fora76aPAEswcMa5
99286,xM5gii0ns7HaARWl3dxVVAMGACBUSRsK,H2lDW05SyKnwntZ6Fora76aPAEswcMa5
99628,2zQQnqY1LiZ9lcEXTzcE3zimEdKe8CdV,ykoe1cCWK134BJmfbNoPEenJOIWdtQOZ
99767,luNGlNTmJ26UVXohAPNf4yZNgIUDcpxK,ykoe1cCWK134BJmfbNoPEenJOIWdtQOZ
99797,kQ63n93d5CTXewyEhcoySFeLgYStuYpO,H2lDW05SyKnwntZ6Fora76aPAEswcMa5
100170,EReWp6ilgaQY61GGX2jAkIc5IQisheJq,xMd9DzNyUCTLRPVbwWVzf4vq06oqrTT1
100234,mV6vIHBrgth3lTaajvzuqQeEfK5qY5yY,SpATywNh6bZuzm8s1ceuBUnMUAeoAHHw
100995,coZTr10eytnE55me2AxqRWq6qrVXEB7M,3cnZpv6ReApmCaZyaQwi2izDZxVRdC01
101115,FixP7IuJ80KsWtzMzcQsJZKOjLxDKZgC,SpATywNh6bZuzm8s1ceuBUnMUAeoAHHw
101308,DKe2GInb7SCNSrksG80cnhQaLYFATj0E,ykoe1cCWK134BJmfbNoPEenJOIWdtQOZ
101385,J8NkUmSvsrLHkKNXPhFg7o0pG3K7Aywh,ykoe1cCWK134BJmfbNoPEenJOIWdtQOZ
101464,TfgVRC9skFsGu3qq14caEQmfjmrp7rot,Er0RFawC4sHagDmmQZcBGBrzamLQcblZ
101520,nPRsjektHdbQkeAf1fIK4JbhrESPbPsA,Er0RFawC4sHagDmmQZcBGBrzamLQcblZ
101745,0hRwE5vbowYRJTF6rcWCTgSh4yHA34bg,5Gyp41oLVo7Gg7vF4vpmggWP5MU70QO6
101746,0hRwE5vbowYRJTF6rcWCTgSh4yHA34bg,Er0RFawC4sHagDmmQZcBGBrzamLQcblZ
101861,CSh5hGbaSFu2yCb31iVMOVwKocrH471Q,81UZtt1JJwBFYMj5u38WNKCSVA4IJSDv
101891,TQ1Tb2cgiG68xs6aUf696l3C3zHYq6fS,81UZtt1JJwBFYMj5u38WNKCSVA4IJSDv
102115,nYSFDE8RCbcZhD46fRSvPHUvA1ahfupi,Er0RFawC4sHagDmmQZcBGBrzamLQcblZ
102132,sL5jw3pLWZoRI7avI17oM60mfF67Acgz,81UZtt1JJwBFYMj5u38WNKCSVA4IJSDv
102139,sL5jw3pLWZoRI7avI17oM60mfF67Acgz,Er0RFawC4sHagDmmQZcBGBrzamLQcblZ
103281,UaSh8dwx8gnofYbXlmpqj9uYDbpJ89pX,V4tXq15GxHo2gaMpaJLZ3IGEkP949IbE
103288,eEUIScknc9SimnLuPMm5Vf07ulWcWd92,AXUJZGmZ0xaYSWazu8RQ1G5c76ECT1Kd
103289,eEUIScknc9SimnLuPMm5Vf07ulWcWd92,NmbZ3BmS8V4pMg6oxXHWpqqMZCE1jvYt
103311,eEUIScknc9SimnLuPMm5Vf07ulWcWd92,DPnLzkJJqOOPRJfBxIHbQEERiYHu5ila
103312,eEUIScknc9SimnLuPMm5Vf07ulWcWd92,shM3Yy9vxHn2aqjSYfQXOcwGo0hWh3MI
103322,eEUIScknc9SimnLuPMm5Vf07ulWcWd92,9Bd26pfDLvkPINwLnpaGcf0LrLUvY1Mz
103399,p0fw4v0FzqDHoIprXWv2PhAw9MEKisrS,a2E7NQC7nZB7WHEhKGhKnKvUWtsLAQzh
104371,g3902agYIRHzac78MKVZlvljLMXXNpQ7,a2E7NQC7nZB7WHEhKGhKnKvUWtsLAQzh
104431,Fk4hjEUqgyLHxBlk1cbfR9hWyVsJsJLo,H2lDW05SyKnwntZ6Fora76aPAEswcMa5
104648,61ysO1Pg5Q6bsn73gkzoQt72GbhUHgNd,ykoe1cCWK134BJmfbNoPEenJOIWdtQOZ
104787,SFbTZDEo0JTOG7VHfxeJz2kz3qSzlHq4,V4tXq15GxHo2gaMpaJLZ3IGEkP949IbE
104935,lbgTV2YMskSv2TX4EXpaazpMVWfsftEV,9Bd26pfDLvkPINwLnpaGcf0LrLUvY1Mz
105651,CKlck1NtRiTrxKTlx9u8mNsXnR4Cg2LR,H2lDW05SyKnwntZ6Fora76aPAEswcMa5
105909,oIeIfwhQt9r1G6uZ62W7p7DLvDQ1KzcN,DPnLzkJJqOOPRJfBxIHbQEERiYHu5ila
106068,JfQVgXDVu1NGs9lcRBOD4w6V7BSaZCc2,ykoe1cCWK134BJmfbNoPEenJOIWdtQOZ
106138,nYSFDE8RCbcZhD46fRSvPHUvA1ahfupi,ykoe1cCWK134BJmfbNoPEenJOIWdtQOZ
106144,nYSFDE8RCbcZhD46fRSvPHUvA1ahfupi,shM3Yy9vxHn2aqjSYfQXOcwGo0hWh3MI
106216,xM5gii0ns7HaARWl3dxVVAMGACBUSRsK,ykoe1cCWK134BJmfbNoPEenJOIWdtQOZ
106577,teqJGecOr4a6oVYU1O9bgvPkX5ZSKA8N,9Bd26pfDLvkPINwLnpaGcf0LrLUvY1Mz
106578,teqJGecOr4a6oVYU1O9bgvPkX5ZSKA8N,a2E7NQC7nZB7WHEhKGhKnKvUWtsLAQzh
106603,tBWD1VTj6Jcj3AQ0AXY8eZtUzkjmoiNH,xMd9DzNyUCTLRPVbwWVzf4vq06oqrTT1
107306,ZZo2Tb7BH7FdwQXlvGgrs5cVXBfTwRHG,I7Go4XwWgpjRJM8EZGEnBpkfSmBNOlsO
108023,g8m22R7W0Wo8v9RXY0TMbj5qf5RFgvht,xMd9DzNyUCTLRPVbwWVzf4vq06oqrTT1
108046,OkJ0lKmMXuQ2MGftQ8Isfw1JciMpapRC,H2lDW05SyKnwntZ6Fora76aPAEswcMa5
108530,vZzTgGwK0cR24BSm1xzdfANP52hj4iMk,SpATywNh6bZuzm8s1ceuBUnMUAeoAHHw
108531,vZzTgGwK0cR24BSm1xzdfANP52hj4iMk,xMd9DzNyUCTLRPVbwWVzf4vq06oqrTT1
108534,vZzTgGwK0cR24BSm1xzdfANP52hj4iMk,9Bd26pfDLvkPINwLnpaGcf0LrLUvY1Mz
108542,vZzTgGwK0cR24BSm1xzdfANP52hj4iMk,3cnZpv6ReApmCaZyaQwi2izDZxVRdC01
108546,C6xrhZPOmVH2gCVNP26gSSPka2CcwgB5,H2lDW05SyKnwntZ6Fora76aPAEswcMa5
108660,C6xrhZPOmVH2gCVNP26gSSPka2CcwgB5,3cnZpv6ReApmCaZyaQwi2izDZxVRdC01
108745,MrptC6k13DRD7ZeJDHvlsVV8mT19fxZF,a2E7NQC7nZB7WHEhKGhKnKvUWtsLAQzh
108780,FixP7IuJ80KsWtzMzcQsJZKOjLxDKZgC,a2E7NQC7nZB7WHEhKGhKnKvUWtsLAQzh
109232,CKlck1NtRiTrxKTlx9u8mNsXnR4Cg2LR,V4tXq15GxHo2gaMpaJLZ3IGEkP949IbE
109331,b3FNzt9bW0DYxGtrDwfKBHrmIKO1If8w,a2E7NQC7nZB7WHEhKGhKnKvUWtsLAQzh
109340,b3FNzt9bW0DYxGtrDwfKBHrmIKO1If8w,H2lDW05SyKnwntZ6Fora76aPAEswcMa5
109365,MrptC6k13DRD7ZeJDHvlsVV8mT19fxZF,V4tXq15GxHo2gaMpaJLZ3IGEkP949IbE
109579,MF5edVvM6lCZDxnMdHelos9TUh3KERjn,NmbZ3BmS8V4pMg6oxXHWpqqMZCE1jvYt
109598,JHhY30IKFzw4LWcyrHuTEglWNqRkqdDU,H2lDW05SyKnwntZ6Fora76aPAEswcMa5
109622,JHhY30IKFzw4LWcyrHuTEglWNqRkqdDU,V4tXq15GxHo2gaMpaJLZ3IGEkP949IbE
109673,mV6vIHBrgth3lTaajvzuqQeEfK5qY5yY,a2E7NQC7nZB7WHEhKGhKnKvUWtsLAQzh
109675,mV6vIHBrgth3lTaajvzuqQeEfK5qY5yY,xMd9DzNyUCTLRPVbwWVzf4vq06oqrTT1
109996,OZ02Yntpt8Hg8thsFgejT4NSsPYtVPPm,A3fsA9Zfv1X2fVEQhTw51lKENdNrEqT3
110280,0hRwE5vbowYRJTF6rcWCTgSh4yHA34bg,I7Go4XwWgpjRJM8EZGEnBpkfSmBNOlsO
110467,c8WJAdYLV71mOx4ZXSglpCNd0dBUR3Om,1pvLqtotBsKv7QSOsLicJDQMHx3lui6d
110503,wdyLBUXnKZHWy3hjP9iEUMTvoZlBkTI1,1pvLqtotBsKv7QSOsLicJDQMHx3lui6d
110553,TQ1Tb2cgiG68xs6aUf696l3C3zHYq6fS,1pvLqtotBsKv7QSOsLicJDQMHx3lui6d
110661,FbFzxcgOenGEHKMXxCSjDnrIiqrr6PFf,1pvLqtotBsKv7QSOsLicJDQMHx3lui6d
111519,oJ9j9ejTgKixczg3tSE8Sg8DPI7YQpJq,1pvLqtotBsKv7QSOsLicJDQMHx3lui6d
111597,ZFpXjzvya7Y5x9HmUsgToer6v1L16WM2,1pvLqtotBsKv7QSOsLicJDQMHx3lui6d
111660,4m5GFuE7r7uv3mC9zYjUgCEig5epKquJ,I7Go4XwWgpjRJM8EZGEnBpkfSmBNOlsO
111726,yiX0lNiEyuJnsK7G0Hy1jjUqzZwKTcF0,1pvLqtotBsKv7QSOsLicJDQMHx3lui6d
111777,FBu5R2eGEtl9EDw0VwXtH1t5i2ELpdqI,I7Go4XwWgpjRJM8EZGEnBpkfSmBNOlsO
112587,8fvsCrC8dcOje6DxrGntnTxmufYXJCrq,5Gyp41oLVo7Gg7vF4vpmggWP5MU70QO6
112968,M4qxCm572dyAklYyW6rlwVA2xGuuy2h9,81UZtt1JJwBFYMj5u38WNKCSVA4IJSDv
113089,l5LfU8gApOG72AnBkdAbfOLQLwFH7Zo2,1pvLqtotBsKv7QSOsLicJDQMHx3lui6d
113343,g3902agYIRHzac78MKVZlvljLMXXNpQ7,1pvLqtotBsKv7QSOsLicJDQMHx3lui6d
113419,2DccYKlqpoQf6OVf4P499VuvWPHZoTTu,1pvLqtotBsKv7QSOsLicJDQMHx3lui6d
113675,SSpeewBDHUNKkvUJM5ASinNHvMXIOEwr,1pvLqtotBsKv7QSOsLicJDQMHx3lui6d
113943,mSs5bB1Rxg3xYWjWjJY9pVTt7WAiMgyu,DPnLzkJJqOOPRJfBxIHbQEERiYHu5ila
114058,okqN4nBVKRYYrkYonKicKGOmPqVGYjZh,AXUJZGmZ0xaYSWazu8RQ1G5c76ECT1Kd
114156,wmND65rZOV8Cdq3Mq9MmFLy7XUHHSgIW,DPnLzkJJqOOPRJfBxIHbQEERiYHu5ila
114254,PLKaanKvHCtHMqtCskLE9sVgrYP9vmXy,AXUJZGmZ0xaYSWazu8RQ1G5c76ECT1Kd
114657,NrHk4qmJXuD0TsjkQSnghKpk9ZjGAOyU,9Bd26pfDLvkPINwLnpaGcf0LrLUvY1Mz
114699,p0fw4v0FzqDHoIprXWv2PhAw9MEKisrS,ykoe1cCWK134BJmfbNoPEenJOIWdtQOZ
114921,hNJz0qbOhrUgajUkzqSdDbybHkuRglfs,9Bd26pfDLvkPINwLnpaGcf0LrLUvY1Mz
114927,mSs5bB1Rxg3xYWjWjJY9pVTt7WAiMgyu,shM3Yy9vxHn2aqjSYfQXOcwGo0hWh3MI
114972,g3902agYIRHzac78MKVZlvljLMXXNpQ7,9Bd26pfDLvkPINwLnpaGcf0LrLUvY1Mz
115020,x6BtQH70uuLHaxqzHA21U9wmfT0SxzD9,shM3Yy9vxHn2aqjSYfQXOcwGo0hWh3MI
115031,c6XaDpje2iQSWpoXkTtf00BW6tACh6Q9,ykoe1cCWK134BJmfbNoPEenJOIWdtQOZ
115037,ZQcWT47pZxjNboL0V0inwxjvImMCbKfc,ykoe1cCWK134BJmfbNoPEenJOIWdtQOZ
115063,Xl8Tem8G8sPah3KAWnbWgv7GNqLZqPFw,shM3Yy9vxHn2aqjSYfQXOcwGo0hWh3MI
115066,Xl8Tem8G8sPah3KAWnbWgv7GNqLZqPFw,ykoe1cCWK134BJmfbNoPEenJOIWdtQOZ
115099,I2ghGumCKIaVsnJOGZA0xyJzTnEm5KtW,ykoe1cCWK134BJmfbNoPEenJOIWdtQOZ
115120,LmPOiQGU9K8KbXAhYgpDD175P7sizybX,shM3Yy9vxHn2aqjSYfQXOcwGo0hWh3MI
115144,Xl8Tem8G8sPah3KAWnbWgv7GNqLZqPFw,I7Go4XwWgpjRJM8EZGEnBpkfSmBNOlsO
115232,okqN4nBVKRYYrkYonKicKGOmPqVGYjZh,I7Go4XwWgpjRJM8EZGEnBpkfSmBNOlsO
115355,mcSjHTQSOL9z6LfIHOZuth326lgoEoEd,1pvLqtotBsKv7QSOsLicJDQMHx3lui6d
115392,bqWpav7ocOhCfb3xc4QgAvBDK5g8BmiZ,1pvLqtotBsKv7QSOsLicJDQMHx3lui6d
115581,tedGThhHMqVARfBh6zyzyocTKbTJYJpB,1pvLqtotBsKv7QSOsLicJDQMHx3lui6d
115631,vuVnTFCBfdzSvUffWnstx1XETLzOHwWp,1pvLqtotBsKv7QSOsLicJDQMHx3lui6d
115717,EP1XQRGS4HZOG1hdGzNZdD1HFhJcHpos,3VkHkmOtom3jM2wCu94xgzzu1d6Dn7or
115793,X4KSPkBIdPEeXdEy4Fa5NvixCQZdfNj3,1pvLqtotBsKv7QSOsLicJDQMHx3lui6d
116054,BoMrnaRzWiLLbhZUihKQP6MURkcvYuJ9,I7Go4XwWgpjRJM8EZGEnBpkfSmBNOlsO
116112,2DccYKlqpoQf6OVf4P499VuvWPHZoTTu,I7Go4XwWgpjRJM8EZGEnBpkfSmBNOlsO
116116,b42x9fEviD2KrosQFgO4BDKrSzPFH9d9,I7Go4XwWgpjRJM8EZGEnBpkfSmBNOlsO
116500,2N6o6qJ0czxrbv8wbXwP5oVT4Ra8mOYu,5Gyp41oLVo7Gg7vF4vpmggWP5MU70QO6
116501,2N6o6qJ0czxrbv8wbXwP5oVT4Ra8mOYu,81UZtt1JJwBFYMj5u38WNKCSVA4IJSDv
116618,6TmTcNQyMYVAXbtK6HsQ96Mn7OGENU3z,5Gyp41oLVo7Gg7vF4vpmggWP5MU70QO6
116705,bRDMid9iRGcartTY4OAKAdQRbX2j8Y86,81UZtt1JJwBFYMj5u38WNKCSVA4IJSDv
116955,6HmdNYWkOfKPcsSkwkqnh7uY2Gqe1cX7,81UZtt1JJwBFYMj5u38WNKCSVA4IJSDv
116980,I2ghGumCKIaVsnJOGZA0xyJzTnEm5KtW,5Gyp41oLVo7Gg7vF4vpmggWP5MU70QO6
117322,c8TFm45r0bfBe26eBlEeUAKDBoTJT9yV,81UZtt1JJwBFYMj5u38WNKCSVA4IJSDv
117326,ria1rZm5v1iNiSZkl2at79lKlYWZvHeF,81UZtt1JJwBFYMj5u38WNKCSVA4IJSDv
117496,Hoitr98hXhrf7xDGgACEFamKhiarA3wg,fbPkOYLVPtPgIt0MxizjfFJov3JbHyAi
117525,i0ksX07HnsV5rQlWqOr1uKEuc7yNU24c,3cnZpv6ReApmCaZyaQwi2izDZxVRdC01
117561,ADL0cXowUMs4wyiAOHKMOrtTHu5tmUqi,A3fsA9Zfv1X2fVEQhTw51lKENdNrEqT3
117616,GLClE8eg40BpWvmEfcSMwSvtSTOkzETn,SpATywNh6bZuzm8s1ceuBUnMUAeoAHHw
117894,Bos3zEEnAcYzPXQktMkJJ0ak5mhGWCAf,a2E7NQC7nZB7WHEhKGhKnKvUWtsLAQzh
118031,BeoWdDFNsVFqWVq3B4qjYh8vNjNTgwSB,3cnZpv6ReApmCaZyaQwi2izDZxVRdC01
118057,HTGHrKrt9bt2no7NEjeTqA36pNapNLke,a2E7NQC7nZB7WHEhKGhKnKvUWtsLAQzh
118166,bqWpav7ocOhCfb3xc4QgAvBDK5g8BmiZ,3cnZpv6ReApmCaZyaQwi2izDZxVRdC01
118202,8uSQsFhnhoJeSVZylwMfyqKR37MO9Qyr,AXUJZGmZ0xaYSWazu8RQ1G5c76ECT1Kd
118217,SzqR1lIvSkqy1yQXOqGRgT5uhu7VR5Jw,H2lDW05SyKnwntZ6Fora76aPAEswcMa5
118231,SzqR1lIvSkqy1yQXOqGRgT5uhu7VR5Jw,ykoe1cCWK134BJmfbNoPEenJOIWdtQOZ
118473,ZZo2Tb7BH7FdwQXlvGgrs5cVXBfTwRHG,V4tXq15GxHo2gaMpaJLZ3IGEkP949IbE
118676,CSh5hGbaSFu2yCb31iVMOVwKocrH471Q,shM3Yy9vxHn2aqjSYfQXOcwGo0hWh3MI
118732,68jxA2PUjT1NQfZbUcdmPfGR0u6r2zeM,3cnZpv6ReApmCaZyaQwi2izDZxVRdC01
118819,0V5MOLVbNHPDqvl0FcmJbw01XdVgQMJF,shM3Yy9vxHn2aqjSYfQXOcwGo0hWh3MI
118916,TOHE2cn8sx2ym4g7cRhp3c9gQIpGV4UB,V4tXq15GxHo2gaMpaJLZ3IGEkP949IbE
118917,TOHE2cn8sx2ym4g7cRhp3c9gQIpGV4UB,a2E7NQC7nZB7WHEhKGhKnKvUWtsLAQzh
118918,TOHE2cn8sx2ym4g7cRhp3c9gQIpGV4UB,SpATywNh6bZuzm8s1ceuBUnMUAeoAHHw
118919,TOHE2cn8sx2ym4g7cRhp3c9gQIpGV4UB,A3fsA9Zfv1X2fVEQhTw51lKENdNrEqT3
118922,FcPFK6OTsUF1j3uNGabdzGTvbY8kcO3D,xMd9DzNyUCTLRPVbwWVzf4vq06oqrTT1
118924,FcPFK6OTsUF1j3uNGabdzGTvbY8kcO3D,NmbZ3BmS8V4pMg6oxXHWpqqMZCE1jvYt
119009,c8TFm45r0bfBe26eBlEeUAKDBoTJT9yV,SpATywNh6bZuzm8s1ceuBUnMUAeoAHHw
119262,BbvGM92sGSMMIrRMXDFdD1GEnySzXRYT,xMd9DzNyUCTLRPVbwWVzf4vq06oqrTT1
119366,okqN4nBVKRYYrkYonKicKGOmPqVGYjZh,9Bd26pfDLvkPINwLnpaGcf0LrLUvY1Mz
119520,ZQcWT47pZxjNboL0V0inwxjvImMCbKfc,SpATywNh6bZuzm8s1ceuBUnMUAeoAHHw
119555,72z519PMt8GGBXLvF1FG0oMJuciCSWYJ,A3fsA9Zfv1X2fVEQhTw51lKENdNrEqT3
119857,GMzSpgZQ6jzVsfHn8W8i83JsYNxnP00b,9Bd26pfDLvkPINwLnpaGcf0LrLUvY1Mz
119861,ykaUPJW4Nc9r2mv4b25QxgdHgIcQ63RQ,ykoe1cCWK134BJmfbNoPEenJOIWdtQOZ
119981,hNJz0qbOhrUgajUkzqSdDbybHkuRglfs,A3fsA9Zfv1X2fVEQhTw51lKENdNrEqT3
120055,okqN4nBVKRYYrkYonKicKGOmPqVGYjZh,shM3Yy9vxHn2aqjSYfQXOcwGo0hWh3MI
120060,ADL0cXowUMs4wyiAOHKMOrtTHu5tmUqi,3cnZpv6ReApmCaZyaQwi2izDZxVRdC01
120102,2DccYKlqpoQf6OVf4P499VuvWPHZoTTu,shM3Yy9vxHn2aqjSYfQXOcwGo0hWh3MI
120113,c6XaDpje2iQSWpoXkTtf00BW6tACh6Q9,a2E7NQC7nZB7WHEhKGhKnKvUWtsLAQzh
120122,c6XaDpje2iQSWpoXkTtf00BW6tACh6Q9,H2lDW05SyKnwntZ6Fora76aPAEswcMa5
120126,c6XaDpje2iQSWpoXkTtf00BW6tACh6Q9,SpATywNh6bZuzm8s1ceuBUnMUAeoAHHw
120143,a4RYqILKcnu8c617gYSbD0KQIm9DqZnc,H2lDW05SyKnwntZ6Fora76aPAEswcMa5
120292,GMzSpgZQ6jzVsfHn8W8i83JsYNxnP00b,a2E7NQC7nZB7WHEhKGhKnKvUWtsLAQzh
120374,ePOpOKycvORTPdc6DfieYb44dd8ej3gR,SpATywNh6bZuzm8s1ceuBUnMUAeoAHHw
120587,T6EWQ7jVP89JlHzj41KN1gEtGYevpSQM,ykoe1cCWK134BJmfbNoPEenJOIWdtQOZ
120617,ePOpOKycvORTPdc6DfieYb44dd8ej3gR,shM3Yy9vxHn2aqjSYfQXOcwGo0hWh3MI
120714,c6XaDpje2iQSWpoXkTtf00BW6tACh6Q9,V4tXq15GxHo2gaMpaJLZ3IGEkP949IbE
120833,72z519PMt8GGBXLvF1FG0oMJuciCSWYJ,SpATywNh6bZuzm8s1ceuBUnMUAeoAHHw
120847,72z519PMt8GGBXLvF1FG0oMJuciCSWYJ,a2E7NQC7nZB7WHEhKGhKnKvUWtsLAQzh
120936,i0ksX07HnsV5rQlWqOr1uKEuc7yNU24c,A3fsA9Zfv1X2fVEQhTw51lKENdNrEqT3
120961,i0ksX07HnsV5rQlWqOr1uKEuc7yNU24c,AXUJZGmZ0xaYSWazu8RQ1G5c76ECT1Kd
121053,npZiJYBXIvuULdTyVSfZOjhsnEdX6i82,SpATywNh6bZuzm8s1ceuBUnMUAeoAHHw
121110,BbvGM92sGSMMIrRMXDFdD1GEnySzXRYT,AXUJZGmZ0xaYSWazu8RQ1G5c76ECT1Kd
121149,MF5edVvM6lCZDxnMdHelos9TUh3KERjn,AXUJZGmZ0xaYSWazu8RQ1G5c76ECT1Kd
121162,npZiJYBXIvuULdTyVSfZOjhsnEdX6i82,AXUJZGmZ0xaYSWazu8RQ1G5c76ECT1Kd
121185,MF5edVvM6lCZDxnMdHelos9TUh3KERjn,xMd9DzNyUCTLRPVbwWVzf4vq06oqrTT1
121240,0V5MOLVbNHPDqvl0FcmJbw01XdVgQMJF,a2E7NQC7nZB7WHEhKGhKnKvUWtsLAQzh
121241,Wz9l8snB7xy02KowUlwVZlKvIqcEcSjS,AXUJZGmZ0xaYSWazu8RQ1G5c76ECT1Kd
121256,Wz9l8snB7xy02KowUlwVZlKvIqcEcSjS,H2lDW05SyKnwntZ6Fora76aPAEswcMa5
121258,Wz9l8snB7xy02KowUlwVZlKvIqcEcSjS,V4tXq15GxHo2gaMpaJLZ3IGEkP949IbE
121262,Wz9l8snB7xy02KowUlwVZlKvIqcEcSjS,ykoe1cCWK134BJmfbNoPEenJOIWdtQOZ
121632,0V5MOLVbNHPDqvl0FcmJbw01XdVgQMJF,V4tXq15GxHo2gaMpaJLZ3IGEkP949IbE
122636,4m5GFuE7r7uv3mC9zYjUgCEig5epKquJ,1pvLqtotBsKv7QSOsLicJDQMHx3lui6d
122682,I2ghGumCKIaVsnJOGZA0xyJzTnEm5KtW,1pvLqtotBsKv7QSOsLicJDQMHx3lui6d
122749,DKe2GInb7SCNSrksG80cnhQaLYFATj0E,1pvLqtotBsKv7QSOsLicJDQMHx3lui6d
122973,bRG3KNKPz8MtEb5G1Duc4i5IiNMa8ZLU,1pvLqtotBsKv7QSOsLicJDQMHx3lui6d
123429,EP1XQRGS4HZOG1hdGzNZdD1HFhJcHpos,1pvLqtotBsKv7QSOsLicJDQMHx3lui6d
123613,zn2X74vvqUQRINz90WjZLsSsFglpYr7o,1pvLqtotBsKv7QSOsLicJDQMHx3lui6d
124153,vuVnTFCBfdzSvUffWnstx1XETLzOHwWp,ykoe1cCWK134BJmfbNoPEenJOIWdtQOZ
124170,b42x9fEviD2KrosQFgO4BDKrSzPFH9d9,ykoe1cCWK134BJmfbNoPEenJOIWdtQOZ
124171,zn2X74vvqUQRINz90WjZLsSsFglpYr7o,ykoe1cCWK134BJmfbNoPEenJOIWdtQOZ
124177,GMzSpgZQ6jzVsfHn8W8i83JsYNxnP00b,ykoe1cCWK134BJmfbNoPEenJOIWdtQOZ
124307,6HmdNYWkOfKPcsSkwkqnh7uY2Gqe1cX7,ykoe1cCWK134BJmfbNoPEenJOIWdtQOZ
124433,mcSjHTQSOL9z6LfIHOZuth326lgoEoEd,ykoe1cCWK134BJmfbNoPEenJOIWdtQOZ
124446,QyLVPf4M60EkZ1E7DsOzioCPS0UDQt1T,ykoe1cCWK134BJmfbNoPEenJOIWdtQOZ
124530,Oqfkhjg6t51PZcyyCwvjWtQ6bDHYceB1,ykoe1cCWK134BJmfbNoPEenJOIWdtQOZ
124595,TL1aA8ITe7VP42GX52yE5M5UsjXNCOS3,ykoe1cCWK134BJmfbNoPEenJOIWdtQOZ
124856,BEEx400Zym1Adj0LXV9O094DcgDYxMgU,DPnLzkJJqOOPRJfBxIHbQEERiYHu5ila
125430,GLClE8eg40BpWvmEfcSMwSvtSTOkzETn,AXUJZGmZ0xaYSWazu8RQ1G5c76ECT1Kd
126132,qMFAmPw34z5IViYTtA1Kkpcn2uEg1WBM,I7Go4XwWgpjRJM8EZGEnBpkfSmBNOlsO
126159,bqWpav7ocOhCfb3xc4QgAvBDK5g8BmiZ,I7Go4XwWgpjRJM8EZGEnBpkfSmBNOlsO
126572,kQ63n93d5CTXewyEhcoySFeLgYStuYpO,I7Go4XwWgpjRJM8EZGEnBpkfSmBNOlsO
126637,c8TFm45r0bfBe26eBlEeUAKDBoTJT9yV,fbPkOYLVPtPgIt0MxizjfFJov3JbHyAi
126639,x6BtQH70uuLHaxqzHA21U9wmfT0SxzD9,fbPkOYLVPtPgIt0MxizjfFJov3JbHyAi
126676,wmND65rZOV8Cdq3Mq9MmFLy7XUHHSgIW,fbPkOYLVPtPgIt0MxizjfFJov3JbHyAi
126707,J1iCM60eAwVKTPRoP9hdyFlEQf6db3YF,fbPkOYLVPtPgIt0MxizjfFJov3JbHyAi
126727,okqN4nBVKRYYrkYonKicKGOmPqVGYjZh,fbPkOYLVPtPgIt0MxizjfFJov3JbHyAi
126762,tedGThhHMqVARfBh6zyzyocTKbTJYJpB,fbPkOYLVPtPgIt0MxizjfFJov3JbHyAi
126800,03LSJMJGCEPYScMXgYv3wZ9A4zZCWROs,fbPkOYLVPtPgIt0MxizjfFJov3JbHyAi
127321,o7nB1nybhMcFgLy31X3R6RDOK94b1Iaa,1pvLqtotBsKv7QSOsLicJDQMHx3lui6d
127469,erkNYBqLpKRElyeL8GeAgO43CMazg6Rt,I7Go4XwWgpjRJM8EZGEnBpkfSmBNOlsO
127946,Xl8Tem8G8sPah3KAWnbWgv7GNqLZqPFw,1pvLqtotBsKv7QSOsLicJDQMHx3lui6d
127957,BOBLP6pTmRtpQ8LtVgJyutFMDL3q6xno,I7Go4XwWgpjRJM8EZGEnBpkfSmBNOlsO
128256,c8TFm45r0bfBe26eBlEeUAKDBoTJT9yV,I7Go4XwWgpjRJM8EZGEnBpkfSmBNOlsO
129243,BoMrnaRzWiLLbhZUihKQP6MURkcvYuJ9,3VkHkmOtom3jM2wCu94xgzzu1d6Dn7or
129598,okqN4nBVKRYYrkYonKicKGOmPqVGYjZh,Er0RFawC4sHagDmmQZcBGBrzamLQcblZ
129923,tedGThhHMqVARfBh6zyzyocTKbTJYJpB,Er0RFawC4sHagDmmQZcBGBrzamLQcblZ
130234,npZiJYBXIvuULdTyVSfZOjhsnEdX6i82,DPnLzkJJqOOPRJfBxIHbQEERiYHu5ila
130245,cy1UxkAxcqJswFy9Syqm01bsE17PQcla,DPnLzkJJqOOPRJfBxIHbQEERiYHu5ila
130460,bgBEVIT7lED5jwl9T1xbuywAm7JQXaqp,Er0RFawC4sHagDmmQZcBGBrzamLQcblZ
130469,Oqfkhjg6t51PZcyyCwvjWtQ6bDHYceB1,81UZtt1JJwBFYMj5u38WNKCSVA4IJSDv
130763,RCdcltNaQLfcoxT7YKTjQxAYUbCmzzKd,81UZtt1JJwBFYMj5u38WNKCSVA4IJSDv
130903,WI9rk8aS11tBAJzjcX0JSIgomYYRQVjW,5Gyp41oLVo7Gg7vF4vpmggWP5MU70QO6
130929,DASOezWwNfl7JBC0eHmeEg9VWjNHsRUR,1pvLqtotBsKv7QSOsLicJDQMHx3lui6d
130951,DASOezWwNfl7JBC0eHmeEg9VWjNHsRUR,81UZtt1JJwBFYMj5u38WNKCSVA4IJSDv
131682,EP1XQRGS4HZOG1hdGzNZdD1HFhJcHpos,Er0RFawC4sHagDmmQZcBGBrzamLQcblZ
131683,CSh5hGbaSFu2yCb31iVMOVwKocrH471Q,5Gyp41oLVo7Gg7vF4vpmggWP5MU70QO6
132083,X4KSPkBIdPEeXdEy4Fa5NvixCQZdfNj3,5Gyp41oLVo7Gg7vF4vpmggWP5MU70QO6
132492,XDPvGyFLLEYwbNEQik2MM4yiADs5rrYJ,Er0RFawC4sHagDmmQZcBGBrzamLQcblZ
132617,cJcuhtji0eqLhfXtnFSDlw6v5huTlvOS,1pvLqtotBsKv7QSOsLicJDQMHx3lui6d
132639,DKe2GInb7SCNSrksG80cnhQaLYFATj0E,Er0RFawC4sHagDmmQZcBGBrzamLQcblZ
132640,DKe2GInb7SCNSrksG80cnhQaLYFATj0E,5Gyp41oLVo7Gg7vF4vpmggWP5MU70QO6
132692,IFqWOl32JJm0W3Ap2jxVCpJeXeLJlYDp,5Gyp41oLVo7Gg7vF4vpmggWP5MU70QO6
132821,bqWpav7ocOhCfb3xc4QgAvBDK5g8BmiZ,Er0RFawC4sHagDmmQZcBGBrzamLQcblZ
132935,Ys5FH0nq7NeLEdwGoDUOp7Sz8iAMAB3d,5Gyp41oLVo7Gg7vF4vpmggWP5MU70QO6
132947,Ys5FH0nq7NeLEdwGoDUOp7Sz8iAMAB3d,Er0RFawC4sHagDmmQZcBGBrzamLQcblZ
132977,BoMrnaRzWiLLbhZUihKQP6MURkcvYuJ9,1pvLqtotBsKv7QSOsLicJDQMHx3lui6d
133045,BoMrnaRzWiLLbhZUihKQP6MURkcvYuJ9,Er0RFawC4sHagDmmQZcBGBrzamLQcblZ
133053,5IM8g7YMOYo5qH7Yu3x31T3JkVOH9iqe,5Gyp41oLVo7Gg7vF4vpmggWP5MU70QO6
133317,TY4t65XwSRMNK0q3MPTxoH0jDDniCwnz,Er0RFawC4sHagDmmQZcBGBrzamLQcblZ
133666,X4KSPkBIdPEeXdEy4Fa5NvixCQZdfNj3,Er0RFawC4sHagDmmQZcBGBrzamLQcblZ
133933,futHw5ylJYoore6oNuefdx05Xc1Es6E8,5Gyp41oLVo7Gg7vF4vpmggWP5MU70QO6
134321,TzUoSJ3pyMjwCKLIHuVSKLad9h9hLr5U,Er0RFawC4sHagDmmQZcBGBrzamLQcblZ
134394,wmwDf7eIRrKPL0l8cNmMygnEPd5vzoqs,5Gyp41oLVo7Gg7vF4vpmggWP5MU70QO6
134398,wmwDf7eIRrKPL0l8cNmMygnEPd5vzoqs,Er0RFawC4sHagDmmQZcBGBrzamLQcblZ
134498,kNdT4Mob6J1VkdvqbhmS4aPzbDLqNeYP,81UZtt1JJwBFYMj5u38WNKCSVA4IJSDv
134918,IFqWOl32JJm0W3Ap2jxVCpJeXeLJlYDp,A3fsA9Zfv1X2fVEQhTw51lKENdNrEqT3
134940,x6BtQH70uuLHaxqzHA21U9wmfT0SxzD9,NmbZ3BmS8V4pMg6oxXHWpqqMZCE1jvYt
135417,58eQNUjs318sjON50Y8nkDIw70NM1q5r,a2E7NQC7nZB7WHEhKGhKnKvUWtsLAQzh
135420,58eQNUjs318sjON50Y8nkDIw70NM1q5r,SpATywNh6bZuzm8s1ceuBUnMUAeoAHHw
135707,npZiJYBXIvuULdTyVSfZOjhsnEdX6i82,V4tXq15GxHo2gaMpaJLZ3IGEkP949IbE
135708,npZiJYBXIvuULdTyVSfZOjhsnEdX6i82,a2E7NQC7nZB7WHEhKGhKnKvUWtsLAQzh
135978,EUmZ5qzjwgko2PIWEnctkvYh7APnUrX9,NmbZ3BmS8V4pMg6oxXHWpqqMZCE1jvYt
136257,8uSQsFhnhoJeSVZylwMfyqKR37MO9Qyr,SpATywNh6bZuzm8s1ceuBUnMUAeoAHHw
136577,JHhY30IKFzw4LWcyrHuTEglWNqRkqdDU,AXUJZGmZ0xaYSWazu8RQ1G5c76ECT1Kd
137298,c8WJAdYLV71mOx4ZXSglpCNd0dBUR3Om,fbPkOYLVPtPgIt0MxizjfFJov3JbHyAi
137356,ADL0cXowUMs4wyiAOHKMOrtTHu5tmUqi,fbPkOYLVPtPgIt0MxizjfFJov3JbHyAi
137423,BEEx400Zym1Adj0LXV9O094DcgDYxMgU,fbPkOYLVPtPgIt0MxizjfFJov3JbHyAi
137486,BXEKxoXoxulJe6lVUNmBzkuoxML0RzPQ,81UZtt1JJwBFYMj5u38WNKCSVA4IJSDv
137574,58eQNUjs318sjON50Y8nkDIw70NM1q5r,5Gyp41oLVo7Gg7vF4vpmggWP5MU70QO6
137998,RCdcltNaQLfcoxT7YKTjQxAYUbCmzzKd,3VkHkmOtom3jM2wCu94xgzzu1d6Dn7or
138073,yiX0lNiEyuJnsK7G0Hy1jjUqzZwKTcF0,I7Go4XwWgpjRJM8EZGEnBpkfSmBNOlsO
139001,PLKaanKvHCtHMqtCskLE9sVgrYP9vmXy,SpATywNh6bZuzm8s1ceuBUnMUAeoAHHw
139116,PLKaanKvHCtHMqtCskLE9sVgrYP9vmXy,H2lDW05SyKnwntZ6Fora76aPAEswcMa5
139143,BbvGM92sGSMMIrRMXDFdD1GEnySzXRYT,H2lDW05SyKnwntZ6Fora76aPAEswcMa5
139481,xM5gii0ns7HaARWl3dxVVAMGACBUSRsK,DPnLzkJJqOOPRJfBxIHbQEERiYHu5ila
140098,H7bZ54NuzkB5Nw5q0ZI1nld9qDoHNngL,DPnLzkJJqOOPRJfBxIHbQEERiYHu5ila
140265,coZTr10eytnE55me2AxqRWq6qrVXEB7M,DPnLzkJJqOOPRJfBxIHbQEERiYHu5ila
140943,nOWqKetxGFQ9o73UNfcoh0XyCt3ITawR,ykoe1cCWK134BJmfbNoPEenJOIWdtQOZ
141067,TL1aA8ITe7VP42GX52yE5M5UsjXNCOS3,shM3Yy9vxHn2aqjSYfQXOcwGo0hWh3MI
141217,mcSjHTQSOL9z6LfIHOZuth326lgoEoEd,9Bd26pfDLvkPINwLnpaGcf0LrLUvY1Mz
141233,H7bZ54NuzkB5Nw5q0ZI1nld9qDoHNngL,9Bd26pfDLvkPINwLnpaGcf0LrLUvY1Mz
141308,GLClE8eg40BpWvmEfcSMwSvtSTOkzETn,shM3Yy9vxHn2aqjSYfQXOcwGo0hWh3MI
141362,cKCzrCCCXe9nkBgWepq9AEXje7SITRTz,ykoe1cCWK134BJmfbNoPEenJOIWdtQOZ
141447,6ovqVSF3YZ6bnWJaJ7v2dHPROWXVVlFQ,ykoe1cCWK134BJmfbNoPEenJOIWdtQOZ
141818,0V5MOLVbNHPDqvl0FcmJbw01XdVgQMJF,ykoe1cCWK134BJmfbNoPEenJOIWdtQOZ
142677,c8WJAdYLV71mOx4ZXSglpCNd0dBUR3Om,5Gyp41oLVo7Gg7vF4vpmggWP5MU70QO6
142699,XDPvGyFLLEYwbNEQik2MM4yiADs5rrYJ,5Gyp41oLVo7Gg7vF4vpmggWP5MU70QO6
142795,M8C9BDFICk4ida59GU0jjp556zazDEi1,5Gyp41oLVo7Gg7vF4vpmggWP5MU70QO6
142844,bgBEVIT7lED5jwl9T1xbuywAm7JQXaqp,5Gyp41oLVo7Gg7vF4vpmggWP5MU70QO6
142879,p0fw4v0FzqDHoIprXWv2PhAw9MEKisrS,5Gyp41oLVo7Gg7vF4vpmggWP5MU70QO6
143032,yiX0lNiEyuJnsK7G0Hy1jjUqzZwKTcF0,5Gyp41oLVo7Gg7vF4vpmggWP5MU70QO6
143221,dmVv4oc5Gy8IXIoX1c6y61vCY7ZjC5c1,1pvLqtotBsKv7QSOsLicJDQMHx3lui6d
143550,T6EWQ7jVP89JlHzj41KN1gEtGYevpSQM,5Gyp41oLVo7Gg7vF4vpmggWP5MU70QO6
143581,FbFzxcgOenGEHKMXxCSjDnrIiqrr6PFf,H2lDW05SyKnwntZ6Fora76aPAEswcMa5
143784,mSs5bB1Rxg3xYWjWjJY9pVTt7WAiMgyu,ykoe1cCWK134BJmfbNoPEenJOIWdtQOZ
143868,tBWD1VTj6Jcj3AQ0AXY8eZtUzkjmoiNH,V4tXq15GxHo2gaMpaJLZ3IGEkP949IbE
143982,4GJSwwikGuUWXSajcKoSlvfsoiC8eEZq,SpATywNh6bZuzm8s1ceuBUnMUAeoAHHw
144009,xbYSqp0T7Uu69VoCNyfTCvQcS3HV3UeU,A3fsA9Zfv1X2fVEQhTw51lKENdNrEqT3
144060,dT92IjRcuruPiAlpqVUTtu3wNL9IIegT,H2lDW05SyKnwntZ6Fora76aPAEswcMa5
144174,ZQcWT47pZxjNboL0V0inwxjvImMCbKfc,H2lDW05SyKnwntZ6Fora76aPAEswcMa5
144331,G4MfAXnz0EbVaCbavnksnUIxHSPSMOp9,SpATywNh6bZuzm8s1ceuBUnMUAeoAHHw
144743,WI9rk8aS11tBAJzjcX0JSIgomYYRQVjW,H2lDW05SyKnwntZ6Fora76aPAEswcMa5
144754,WI9rk8aS11tBAJzjcX0JSIgomYYRQVjW,a2E7NQC7nZB7WHEhKGhKnKvUWtsLAQzh
144781,vxGkTn6WfGBki29hwuSV6Xuc1hbgzs4I,xMd9DzNyUCTLRPVbwWVzf4vq06oqrTT1
144887,BeoWdDFNsVFqWVq3B4qjYh8vNjNTgwSB,NmbZ3BmS8V4pMg6oxXHWpqqMZCE1jvYt
145333,YAsCREgt5tIqJEvOtaek3jtgsLn87nEr,3cnZpv6ReApmCaZyaQwi2izDZxVRdC01
145375,bqWpav7ocOhCfb3xc4QgAvBDK5g8BmiZ,shM3Yy9vxHn2aqjSYfQXOcwGo0hWh3MI
145420,dmVv4oc5Gy8IXIoX1c6y61vCY7ZjC5c1,H2lDW05SyKnwntZ6Fora76aPAEswcMa5
145449,YAsCREgt5tIqJEvOtaek3jtgsLn87nEr,a2E7NQC7nZB7WHEhKGhKnKvUWtsLAQzh
145451,YAsCREgt5tIqJEvOtaek3jtgsLn87nEr,xMd9DzNyUCTLRPVbwWVzf4vq06oqrTT1
145643,cy1UxkAxcqJswFy9Syqm01bsE17PQcla,AXUJZGmZ0xaYSWazu8RQ1G5c76ECT1Kd
145758,H7bZ54NuzkB5Nw5q0ZI1nld9qDoHNngL,AXUJZGmZ0xaYSWazu8RQ1G5c76ECT1Kd
145797,oIeIfwhQt9r1G6uZ62W7p7DLvDQ1KzcN,AXUJZGmZ0xaYSWazu8RQ1G5c76ECT1Kd
145873,x6BtQH70uuLHaxqzHA21U9wmfT0SxzD9,DPnLzkJJqOOPRJfBxIHbQEERiYHu5ila
146264,tedGThhHMqVARfBh6zyzyocTKbTJYJpB,3VkHkmOtom3jM2wCu94xgzzu1d6Dn7or
146399,qMFAmPw34z5IViYTtA1Kkpcn2uEg1WBM,1pvLqtotBsKv7QSOsLicJDQMHx3lui6d
146560,w0ZedS6yzDUKJT3yGrp9CDoxetDDlx17,3VkHkmOtom3jM2wCu94xgzzu1d6Dn7or
147098,sL5jw3pLWZoRI7avI17oM60mfF67Acgz,shM3Yy9vxHn2aqjSYfQXOcwGo0hWh3MI
147101,sL5jw3pLWZoRI7avI17oM60mfF67Acgz,ykoe1cCWK134BJmfbNoPEenJOIWdtQOZ
147110,sL5jw3pLWZoRI7avI17oM60mfF67Acgz,3cnZpv6ReApmCaZyaQwi2izDZxVRdC01
147650,BoMrnaRzWiLLbhZUihKQP6MURkcvYuJ9,ykoe1cCWK134BJmfbNoPEenJOIWdtQOZ
147689,ocTIjxG8zBs0mQRpUtpuAKc7MDpzU7Sd,shM3Yy9vxHn2aqjSYfQXOcwGo0hWh3MI
147848,mcSjHTQSOL9z6LfIHOZuth326lgoEoEd,5Gyp41oLVo7Gg7vF4vpmggWP5MU70QO6
147966,vuVnTFCBfdzSvUffWnstx1XETLzOHwWp,81UZtt1JJwBFYMj5u38WNKCSVA4IJSDv
148005,BXEKxoXoxulJe6lVUNmBzkuoxML0RzPQ,Er0RFawC4sHagDmmQZcBGBrzamLQcblZ
148183,yiX0lNiEyuJnsK7G0Hy1jjUqzZwKTcF0,Er0RFawC4sHagDmmQZcBGBrzamLQcblZ
148389,CSh5hGbaSFu2yCb31iVMOVwKocrH471Q,fbPkOYLVPtPgIt0MxizjfFJov3JbHyAi
148869,6HmdNYWkOfKPcsSkwkqnh7uY2Gqe1cX7,DPnLzkJJqOOPRJfBxIHbQEERiYHu5ila
148870,GMzSpgZQ6jzVsfHn8W8i83JsYNxnP00b,AXUJZGmZ0xaYSWazu8RQ1G5c76ECT1Kd
149016,BXEKxoXoxulJe6lVUNmBzkuoxML0RzPQ,SpATywNh6bZuzm8s1ceuBUnMUAeoAHHw
149116,ePOpOKycvORTPdc6DfieYb44dd8ej3gR,3cnZpv6ReApmCaZyaQwi2izDZxVRdC01
149305,X14gKVD1ZKu0qL0NchpqxwhoYSEpz9QI,3cnZpv6ReApmCaZyaQwi2izDZxVRdC01
149904,DV9cmKY91lk8lKsMUmLIMP1KsHFcyZMK,V4tXq15GxHo2gaMpaJLZ3IGEkP949IbE
149943,4cRZxyVNjv13lU3nu2aK2rwyndExVCGa,AXUJZGmZ0xaYSWazu8RQ1G5c76ECT1Kd
151187,j1APsmZGLFH2gSdJ48obb2yQGO5jtDpT,81UZtt1JJwBFYMj5u38WNKCSVA4IJSDv
151414,RCdcltNaQLfcoxT7YKTjQxAYUbCmzzKd,5Gyp41oLVo7Gg7vF4vpmggWP5MU70QO6
151449,ePOpOKycvORTPdc6DfieYb44dd8ej3gR,81UZtt1JJwBFYMj5u38WNKCSVA4IJSDv
151464,BE4JaFadHavW9r5xCXpj3M456eZAgaG6,81UZtt1JJwBFYMj5u38WNKCSVA4IJSDv
151824,B6EpScn9lSCPa3RR6ElGV7QvO5jse6Q3,1pvLqtotBsKv7QSOsLicJDQMHx3lui6d
152230,57qzgJAwfROYPxzSOrsA3G5DLHP95ajU,5Gyp41oLVo7Gg7vF4vpmggWP5MU70QO6
152265,57qzgJAwfROYPxzSOrsA3G5DLHP95ajU,1pvLqtotBsKv7QSOsLicJDQMHx3lui6d
152266,57qzgJAwfROYPxzSOrsA3G5DLHP95ajU,Er0RFawC4sHagDmmQZcBGBrzamLQcblZ
152392,EP1XQRGS4HZOG1hdGzNZdD1HFhJcHpos,5Gyp41oLVo7Gg7vF4vpmggWP5MU70QO6
153644,EVmZGFFbud1idCrJ2HZ0M1Xnc7jp4QF2,V4tXq15GxHo2gaMpaJLZ3IGEkP949IbE
153645,EVmZGFFbud1idCrJ2HZ0M1Xnc7jp4QF2,a2E7NQC7nZB7WHEhKGhKnKvUWtsLAQzh
153647,EVmZGFFbud1idCrJ2HZ0M1Xnc7jp4QF2,ykoe1cCWK134BJmfbNoPEenJOIWdtQOZ
153657,EVmZGFFbud1idCrJ2HZ0M1Xnc7jp4QF2,xMd9DzNyUCTLRPVbwWVzf4vq06oqrTT1
153728,58eQNUjs318sjON50Y8nkDIw70NM1q5r,A3fsA9Zfv1X2fVEQhTw51lKENdNrEqT3
153731,58eQNUjs318sjON50Y8nkDIw70NM1q5r,xMd9DzNyUCTLRPVbwWVzf4vq06oqrTT1
153737,dmVv4oc5Gy8IXIoX1c6y61vCY7ZjC5c1,AXUJZGmZ0xaYSWazu8RQ1G5c76ECT1Kd
153740,EVmZGFFbud1idCrJ2HZ0M1Xnc7jp4QF2,SpATywNh6bZuzm8s1ceuBUnMUAeoAHHw
153746,dmVv4oc5Gy8IXIoX1c6y61vCY7ZjC5c1,V4tXq15GxHo2gaMpaJLZ3IGEkP949IbE
153824,LmPOiQGU9K8KbXAhYgpDD175P7sizybX,9Bd26pfDLvkPINwLnpaGcf0LrLUvY1Mz
154153,72z519PMt8GGBXLvF1FG0oMJuciCSWYJ,AXUJZGmZ0xaYSWazu8RQ1G5c76ECT1Kd
154393,sL5jw3pLWZoRI7avI17oM60mfF67Acgz,NmbZ3BmS8V4pMg6oxXHWpqqMZCE1jvYt
154402,sL5jw3pLWZoRI7avI17oM60mfF67Acgz,a2E7NQC7nZB7WHEhKGhKnKvUWtsLAQzh
154416,sL5jw3pLWZoRI7avI17oM60mfF67Acgz,A3fsA9Zfv1X2fVEQhTw51lKENdNrEqT3
154595,ZZo2Tb7BH7FdwQXlvGgrs5cVXBfTwRHG,DPnLzkJJqOOPRJfBxIHbQEERiYHu5ila
155015,j1APsmZGLFH2gSdJ48obb2yQGO5jtDpT,A3fsA9Zfv1X2fVEQhTw51lKENdNrEqT3
155150,Agc8I1aREEPfi2PqA7NK0aenTcuvE1HC,DPnLzkJJqOOPRJfBxIHbQEERiYHu5ila
155220,ZFpXjzvya7Y5x9HmUsgToer6v1L16WM2,AXUJZGmZ0xaYSWazu8RQ1G5c76ECT1Kd
155579,BbvGM92sGSMMIrRMXDFdD1GEnySzXRYT,DPnLzkJJqOOPRJfBxIHbQEERiYHu5ila
155865,dd7Jtt1fMMutX1RG7iWTpWNKUpGu8Lqf,AXUJZGmZ0xaYSWazu8RQ1G5c76ECT1Kd
155986,BEEx400Zym1Adj0LXV9O094DcgDYxMgU,NmbZ3BmS8V4pMg6oxXHWpqqMZCE1jvYt
156104,TfgVRC9skFsGu3qq14caEQmfjmrp7rot,DPnLzkJJqOOPRJfBxIHbQEERiYHu5ila
156105,TfgVRC9skFsGu3qq14caEQmfjmrp7rot,H2lDW05SyKnwntZ6Fora76aPAEswcMa5
156132,gSVv2aL3mlSaSez3uclTs7guBwBPusEU,shM3Yy9vxHn2aqjSYfQXOcwGo0hWh3MI
156226,H7bZ54NuzkB5Nw5q0ZI1nld9qDoHNngL,V4tXq15GxHo2gaMpaJLZ3IGEkP949IbE
156281,dd7Jtt1fMMutX1RG7iWTpWNKUpGu8Lqf,H2lDW05SyKnwntZ6Fora76aPAEswcMa5
156282,dd7Jtt1fMMutX1RG7iWTpWNKUpGu8Lqf,a2E7NQC7nZB7WHEhKGhKnKvUWtsLAQzh
156290,dd7Jtt1fMMutX1RG7iWTpWNKUpGu8Lqf,xMd9DzNyUCTLRPVbwWVzf4vq06oqrTT1
156462,dd7Jtt1fMMutX1RG7iWTpWNKUpGu8Lqf,DPnLzkJJqOOPRJfBxIHbQEERiYHu5ila
156527,5vUuq5ZeDCNce4LmvH0naoUjpb3qbNOp,a2E7NQC7nZB7WHEhKGhKnKvUWtsLAQzh
156537,A5P9jrlzLqQKpA3sVBvwbPCf9CAYmtxw,DPnLzkJJqOOPRJfBxIHbQEERiYHu5ila
156721,CUbueK74RGsaWBcRtztdoMN84Z7TxEjm,A3fsA9Zfv1X2fVEQhTw51lKENdNrEqT3
156799,3JIUOalPBmkEWX2p9tN1zP0zr58WM3WS,H2lDW05SyKnwntZ6Fora76aPAEswcMa5
157644,cWykzNKAq5sFQBA059QN4Jx74YGPkfwB,Er0RFawC4sHagDmmQZcBGBrzamLQcblZ
157714,HTGHrKrt9bt2no7NEjeTqA36pNapNLke,Er0RFawC4sHagDmmQZcBGBrzamLQcblZ
158931,dmVv4oc5Gy8IXIoX1c6y61vCY7ZjC5c1,81UZtt1JJwBFYMj5u38WNKCSVA4IJSDv
159132,u82lBhpDxJIwlZISEntCxj1zgVFdW0vT,Er0RFawC4sHagDmmQZcBGBrzamLQcblZ
159220,WELjmgdsP962Pc1teJ96xvofKraKe6qa,Er0RFawC4sHagDmmQZcBGBrzamLQcblZ
159307,nYSFDE8RCbcZhD46fRSvPHUvA1ahfupi,5Gyp41oLVo7Gg7vF4vpmggWP5MU70QO6
159946,M4qxCm572dyAklYyW6rlwVA2xGuuy2h9,5Gyp41oLVo7Gg7vF4vpmggWP5MU70QO6
159991,qMFAmPw34z5IViYTtA1Kkpcn2uEg1WBM,81UZtt1JJwBFYMj5u38WNKCSVA4IJSDv
160593,c8TFm45r0bfBe26eBlEeUAKDBoTJT9yV,3VkHkmOtom3jM2wCu94xgzzu1d6Dn7or
160673,c6XaDpje2iQSWpoXkTtf00BW6tACh6Q9,3VkHkmOtom3jM2wCu94xgzzu1d6Dn7or
161330,CUbueK74RGsaWBcRtztdoMN84Z7TxEjm,NmbZ3BmS8V4pMg6oxXHWpqqMZCE1jvYt
161785,okqN4nBVKRYYrkYonKicKGOmPqVGYjZh,V4tXq15GxHo2gaMpaJLZ3IGEkP949IbE
161991,okqN4nBVKRYYrkYonKicKGOmPqVGYjZh,A3fsA9Zfv1X2fVEQhTw51lKENdNrEqT3
162834,A5P9jrlzLqQKpA3sVBvwbPCf9CAYmtxw,81UZtt1JJwBFYMj5u38WNKCSVA4IJSDv
162870,Ys5FH0nq7NeLEdwGoDUOp7Sz8iAMAB3d,81UZtt1JJwBFYMj5u38WNKCSVA4IJSDv
163044,WI9rk8aS11tBAJzjcX0JSIgomYYRQVjW,ykoe1cCWK134BJmfbNoPEenJOIWdtQOZ
163052,AUQbcN6sP8jOc3r7pDcomR6R8baoxLvG,ykoe1cCWK134BJmfbNoPEenJOIWdtQOZ
163416,wmND65rZOV8Cdq3Mq9MmFLy7XUHHSgIW,ykoe1cCWK134BJmfbNoPEenJOIWdtQOZ
163504,68jxA2PUjT1NQfZbUcdmPfGR0u6r2zeM,NmbZ3BmS8V4pMg6oxXHWpqqMZCE1jvYt
163550,NrHk4qmJXuD0TsjkQSnghKpk9ZjGAOyU,ykoe1cCWK134BJmfbNoPEenJOIWdtQOZ
163568,NrHk4qmJXuD0TsjkQSnghKpk9ZjGAOyU,shM3Yy9vxHn2aqjSYfQXOcwGo0hWh3MI
163576,NrHk4qmJXuD0TsjkQSnghKpk9ZjGAOyU,3cnZpv6ReApmCaZyaQwi2izDZxVRdC01
163742,p0fw4v0FzqDHoIprXWv2PhAw9MEKisrS,SpATywNh6bZuzm8s1ceuBUnMUAeoAHHw
163947,M8C9BDFICk4ida59GU0jjp556zazDEi1,shM3Yy9vxHn2aqjSYfQXOcwGo0hWh3MI
164047,mXfwwTIVjHMqoVKAh2iEQbinKUCJHwTp,xMd9DzNyUCTLRPVbwWVzf4vq06oqrTT1
164066,AUQbcN6sP8jOc3r7pDcomR6R8baoxLvG,shM3Yy9vxHn2aqjSYfQXOcwGo0hWh3MI
164108,6ovqVSF3YZ6bnWJaJ7v2dHPROWXVVlFQ,xMd9DzNyUCTLRPVbwWVzf4vq06oqrTT1
164113,GLClE8eg40BpWvmEfcSMwSvtSTOkzETn,3cnZpv6ReApmCaZyaQwi2izDZxVRdC01
164115,AUQbcN6sP8jOc3r7pDcomR6R8baoxLvG,xMd9DzNyUCTLRPVbwWVzf4vq06oqrTT1
164150,hNJz0qbOhrUgajUkzqSdDbybHkuRglfs,xMd9DzNyUCTLRPVbwWVzf4vq06oqrTT1
164387,ocTIjxG8zBs0mQRpUtpuAKc7MDpzU7Sd,SpATywNh6bZuzm8s1ceuBUnMUAeoAHHw
164442,PLKaanKvHCtHMqtCskLE9sVgrYP9vmXy,ykoe1cCWK134BJmfbNoPEenJOIWdtQOZ
164562,WI9rk8aS11tBAJzjcX0JSIgomYYRQVjW,shM3Yy9vxHn2aqjSYfQXOcwGo0hWh3MI
165068,C6xrhZPOmVH2gCVNP26gSSPka2CcwgB5,xMd9DzNyUCTLRPVbwWVzf4vq06oqrTT1
165070,hNJz0qbOhrUgajUkzqSdDbybHkuRglfs,3cnZpv6ReApmCaZyaQwi2izDZxVRdC01
165268,BoMrnaRzWiLLbhZUihKQP6MURkcvYuJ9,shM3Yy9vxHn2aqjSYfQXOcwGo0hWh3MI
165282,ZQcWT47pZxjNboL0V0inwxjvImMCbKfc,NmbZ3BmS8V4pMg6oxXHWpqqMZCE1jvYt
165331,SiDEVAV0vWeEC76b25xnijgEBNeEhRJy,a2E7NQC7nZB7WHEhKGhKnKvUWtsLAQzh
165337,SiDEVAV0vWeEC76b25xnijgEBNeEhRJy,SpATywNh6bZuzm8s1ceuBUnMUAeoAHHw
165338,SiDEVAV0vWeEC76b25xnijgEBNeEhRJy,xMd9DzNyUCTLRPVbwWVzf4vq06oqrTT1
165340,oaoj9be4jW2Hot8wYgYrzLRvB0RU4KYy,SpATywNh6bZuzm8s1ceuBUnMUAeoAHHw
165342,oaoj9be4jW2Hot8wYgYrzLRvB0RU4KYy,A3fsA9Zfv1X2fVEQhTw51lKENdNrEqT3
165343,oaoj9be4jW2Hot8wYgYrzLRvB0RU4KYy,xMd9DzNyUCTLRPVbwWVzf4vq06oqrTT1
165357,SiDEVAV0vWeEC76b25xnijgEBNeEhRJy,NmbZ3BmS8V4pMg6oxXHWpqqMZCE1jvYt
165359,SiDEVAV0vWeEC76b25xnijgEBNeEhRJy,A3fsA9Zfv1X2fVEQhTw51lKENdNrEqT3
165522,Ys5FH0nq7NeLEdwGoDUOp7Sz8iAMAB3d,H2lDW05SyKnwntZ6Fora76aPAEswcMa5
166014,g3902agYIRHzac78MKVZlvljLMXXNpQ7,fbPkOYLVPtPgIt0MxizjfFJov3JbHyAi
166097,vuVnTFCBfdzSvUffWnstx1XETLzOHwWp,fbPkOYLVPtPgIt0MxizjfFJov3JbHyAi
166103,qMFAmPw34z5IViYTtA1Kkpcn2uEg1WBM,fbPkOYLVPtPgIt0MxizjfFJov3JbHyAi
166460,DASOezWwNfl7JBC0eHmeEg9VWjNHsRUR,DPnLzkJJqOOPRJfBxIHbQEERiYHu5ila
166584,EUmZ5qzjwgko2PIWEnctkvYh7APnUrX9,A3fsA9Zfv1X2fVEQhTw51lKENdNrEqT3
166646,CSh5hGbaSFu2yCb31iVMOVwKocrH471Q,DPnLzkJJqOOPRJfBxIHbQEERiYHu5ila
166758,8uSQsFhnhoJeSVZylwMfyqKR37MO9Qyr,H2lDW05SyKnwntZ6Fora76aPAEswcMa5
166761,8uSQsFhnhoJeSVZylwMfyqKR37MO9Qyr,V4tXq15GxHo2gaMpaJLZ3IGEkP949IbE
166872,cy1UxkAxcqJswFy9Syqm01bsE17PQcla,9Bd26pfDLvkPINwLnpaGcf0LrLUvY1Mz
167275,CfeENerIdAGepleePWSt0SV88ctt0Tmw,V4tXq15GxHo2gaMpaJLZ3IGEkP949IbE
167765,i0ksX07HnsV5rQlWqOr1uKEuc7yNU24c,DPnLzkJJqOOPRJfBxIHbQEERiYHu5ila
167783,EFkTkZftT8UKiQGx6m8Gni8w9ocFq7gc,V4tXq15GxHo2gaMpaJLZ3IGEkP949IbE
167794,Fk4hjEUqgyLHxBlk1cbfR9hWyVsJsJLo,shM3Yy9vxHn2aqjSYfQXOcwGo0hWh3MI
167886,T6EWQ7jVP89JlHzj41KN1gEtGYevpSQM,3VkHkmOtom3jM2wCu94xgzzu1d6Dn7or
168013,nYSFDE8RCbcZhD46fRSvPHUvA1ahfupi,fbPkOYLVPtPgIt0MxizjfFJov3JbHyAi
168309,bgBEVIT7lED5jwl9T1xbuywAm7JQXaqp,1pvLqtotBsKv7QSOsLicJDQMHx3lui6d
168429,CfeENerIdAGepleePWSt0SV88ctt0Tmw,1pvLqtotBsKv7QSOsLicJDQMHx3lui6d
170410,03LSJMJGCEPYScMXgYv3wZ9A4zZCWROs,V4tXq15GxHo2gaMpaJLZ3IGEkP949IbE
170435,68jxA2PUjT1NQfZbUcdmPfGR0u6r2zeM,H2lDW05SyKnwntZ6Fora76aPAEswcMa5
170447,68jxA2PUjT1NQfZbUcdmPfGR0u6r2zeM,xMd9DzNyUCTLRPVbwWVzf4vq06oqrTT1
170989,DASOezWwNfl7JBC0eHmeEg9VWjNHsRUR,Er0RFawC4sHagDmmQZcBGBrzamLQcblZ
171340,GMzSpgZQ6jzVsfHn8W8i83JsYNxnP00b,5Gyp41oLVo7Gg7vF4vpmggWP5MU70QO6
171346,GMzSpgZQ6jzVsfHn8W8i83JsYNxnP00b,Er0RFawC4sHagDmmQZcBGBrzamLQcblZ
171623,mSs5bB1Rxg3xYWjWjJY9pVTt7WAiMgyu,81UZtt1JJwBFYMj5u38WNKCSVA4IJSDv
171661,mXfwwTIVjHMqoVKAh2iEQbinKUCJHwTp,Er0RFawC4sHagDmmQZcBGBrzamLQcblZ
171799,8fvsCrC8dcOje6DxrGntnTxmufYXJCrq,81UZtt1JJwBFYMj5u38WNKCSVA4IJSDv
172010,ZZo2Tb7BH7FdwQXlvGgrs5cVXBfTwRHG,81UZtt1JJwBFYMj5u38WNKCSVA4IJSDv
172119,nPRsjektHdbQkeAf1fIK4JbhrESPbPsA,5Gyp41oLVo7Gg7vF4vpmggWP5MU70QO6
172761,sL5jw3pLWZoRI7avI17oM60mfF67Acgz,fbPkOYLVPtPgIt0MxizjfFJov3JbHyAi
172918,ria1rZm5v1iNiSZkl2at79lKlYWZvHeF,shM3Yy9vxHn2aqjSYfQXOcwGo0hWh3MI
172970,futHw5ylJYoore6oNuefdx05Xc1Es6E8,9Bd26pfDLvkPINwLnpaGcf0LrLUvY1Mz
173212,DASOezWwNfl7JBC0eHmeEg9VWjNHsRUR,AXUJZGmZ0xaYSWazu8RQ1G5c76ECT1Kd
173297,KbVIZwe7S3MOh9dlFVWDZwSpf3zNL2tv,AXUJZGmZ0xaYSWazu8RQ1G5c76ECT1Kd
173300,WI9rk8aS11tBAJzjcX0JSIgomYYRQVjW,NmbZ3BmS8V4pMg6oxXHWpqqMZCE1jvYt
173387,cy1UxkAxcqJswFy9Syqm01bsE17PQcla,ykoe1cCWK134BJmfbNoPEenJOIWdtQOZ
173564,KbVIZwe7S3MOh9dlFVWDZwSpf3zNL2tv,NmbZ3BmS8V4pMg6oxXHWpqqMZCE1jvYt
174197,M4qxCm572dyAklYyW6rlwVA2xGuuy2h9,V4tXq15GxHo2gaMpaJLZ3IGEkP949IbE
174200,M4qxCm572dyAklYyW6rlwVA2xGuuy2h9,3cnZpv6ReApmCaZyaQwi2izDZxVRdC01
174243,AUQbcN6sP8jOc3r7pDcomR6R8baoxLvG,a2E7NQC7nZB7WHEhKGhKnKvUWtsLAQzh
174245,AUQbcN6sP8jOc3r7pDcomR6R8baoxLvG,A3fsA9Zfv1X2fVEQhTw51lKENdNrEqT3
174261,9D8Fr85Y0xJSTSvXENunTRQkQQzpKKhe,A3fsA9Zfv1X2fVEQhTw51lKENdNrEqT3
174379,BeoWdDFNsVFqWVq3B4qjYh8vNjNTgwSB,A3fsA9Zfv1X2fVEQhTw51lKENdNrEqT3
174424,zeUi2UnQZPPF6bRQXw2s8LZ41ZOdqRAa,AXUJZGmZ0xaYSWazu8RQ1G5c76ECT1Kd
174489,0V5MOLVbNHPDqvl0FcmJbw01XdVgQMJF,AXUJZGmZ0xaYSWazu8RQ1G5c76ECT1Kd
174638,Bos3zEEnAcYzPXQktMkJJ0ak5mhGWCAf,V4tXq15GxHo2gaMpaJLZ3IGEkP949IbE
174711,Bos3zEEnAcYzPXQktMkJJ0ak5mhGWCAf,H2lDW05SyKnwntZ6Fora76aPAEswcMa5
174716,Bos3zEEnAcYzPXQktMkJJ0ak5mhGWCAf,3cnZpv6ReApmCaZyaQwi2izDZxVRdC01
175107,cKCzrCCCXe9nkBgWepq9AEXje7SITRTz,V4tXq15GxHo2gaMpaJLZ3IGEkP949IbE
175108,cKCzrCCCXe9nkBgWepq9AEXje7SITRTz,a2E7NQC7nZB7WHEhKGhKnKvUWtsLAQzh
175109,cKCzrCCCXe9nkBgWepq9AEXje7SITRTz,SpATywNh6bZuzm8s1ceuBUnMUAeoAHHw
175165,o9SCOAY5nuSxaVorNF1mq3E0AGKQbCox,NmbZ3BmS8V4pMg6oxXHWpqqMZCE1jvYt
175166,o9SCOAY5nuSxaVorNF1mq3E0AGKQbCox,H2lDW05SyKnwntZ6Fora76aPAEswcMa5
175167,o9SCOAY5nuSxaVorNF1mq3E0AGKQbCox,SpATywNh6bZuzm8s1ceuBUnMUAeoAHHw
175170,o9SCOAY5nuSxaVorNF1mq3E0AGKQbCox,A3fsA9Zfv1X2fVEQhTw51lKENdNrEqT3
175389,EvySN154YDM9eHA8rncD5Y4XnKitTOWj,shM3Yy9vxHn2aqjSYfQXOcwGo0hWh3MI
175390,EvySN154YDM9eHA8rncD5Y4XnKitTOWj,SpATywNh6bZuzm8s1ceuBUnMUAeoAHHw
175395,EvySN154YDM9eHA8rncD5Y4XnKitTOWj,3cnZpv6ReApmCaZyaQwi2izDZxVRdC01
175396,EvySN154YDM9eHA8rncD5Y4XnKitTOWj,A3fsA9Zfv1X2fVEQhTw51lKENdNrEqT3
175533,TL1aA8ITe7VP42GX52yE5M5UsjXNCOS3,fbPkOYLVPtPgIt0MxizjfFJov3JbHyAi
176789,DV9cmKY91lk8lKsMUmLIMP1KsHFcyZMK,a2E7NQC7nZB7WHEhKGhKnKvUWtsLAQzh
176985,JHhY30IKFzw4LWcyrHuTEglWNqRkqdDU,3cnZpv6ReApmCaZyaQwi2izDZxVRdC01
177083,or5tGmwIQtkxzns3Abayo6pKJnoHWcAG,NmbZ3BmS8V4pMg6oxXHWpqqMZCE1jvYt
177131,TOybu3VTl57Gwz61jxLAAYZF2xYkGB5M,DPnLzkJJqOOPRJfBxIHbQEERiYHu5ila
177506,TL1aA8ITe7VP42GX52yE5M5UsjXNCOS3,SpATywNh6bZuzm8s1ceuBUnMUAeoAHHw
177831,TOybu3VTl57Gwz61jxLAAYZF2xYkGB5M,AXUJZGmZ0xaYSWazu8RQ1G5c76ECT1Kd
178088,gSVv2aL3mlSaSez3uclTs7guBwBPusEU,H2lDW05SyKnwntZ6Fora76aPAEswcMa5
178105,gSVv2aL3mlSaSez3uclTs7guBwBPusEU,ykoe1cCWK134BJmfbNoPEenJOIWdtQOZ
178106,gSVv2aL3mlSaSez3uclTs7guBwBPusEU,9Bd26pfDLvkPINwLnpaGcf0LrLUvY1Mz
178108,gSVv2aL3mlSaSez3uclTs7guBwBPusEU,A3fsA9Zfv1X2fVEQhTw51lKENdNrEqT3
178256,MrptC6k13DRD7ZeJDHvlsVV8mT19fxZF,I7Go4XwWgpjRJM8EZGEnBpkfSmBNOlsO
178485,EFkTkZftT8UKiQGx6m8Gni8w9ocFq7gc,I7Go4XwWgpjRJM8EZGEnBpkfSmBNOlsO
178584,4cRZxyVNjv13lU3nu2aK2rwyndExVCGa,3VkHkmOtom3jM2wCu94xgzzu1d6Dn7or
178701,PLKaanKvHCtHMqtCskLE9sVgrYP9vmXy,I7Go4XwWgpjRJM8EZGEnBpkfSmBNOlsO
179040,i0ksX07HnsV5rQlWqOr1uKEuc7yNU24c,1pvLqtotBsKv7QSOsLicJDQMHx3lui6d
179301,HAAyQYNYY3ULmqhNC56bxv5FSwyMVoqP,AXUJZGmZ0xaYSWazu8RQ1G5c76ECT1Kd
179690,SFbTZDEo0JTOG7VHfxeJz2kz3qSzlHq4,H2lDW05SyKnwntZ6Fora76aPAEswcMa5
179787,CUbueK74RGsaWBcRtztdoMN84Z7TxEjm,3cnZpv6ReApmCaZyaQwi2izDZxVRdC01
179877,3JIUOalPBmkEWX2p9tN1zP0zr58WM3WS,3cnZpv6ReApmCaZyaQwi2izDZxVRdC01
180441,FeSQQc9CIFMTYLlHcSRbUJqf0NNwxJ2K,Er0RFawC4sHagDmmQZcBGBrzamLQcblZ
180547,cYibpCaMUGq0WjgUWfTv0iIvJ7QbFj5E,81UZtt1JJwBFYMj5u38WNKCSVA4IJSDv
180758,Xl8Tem8G8sPah3KAWnbWgv7GNqLZqPFw,5Gyp41oLVo7Gg7vF4vpmggWP5MU70QO6
180767,TOybu3VTl57Gwz61jxLAAYZF2xYkGB5M,81UZtt1JJwBFYMj5u38WNKCSVA4IJSDv
181683,wmwDf7eIRrKPL0l8cNmMygnEPd5vzoqs,1pvLqtotBsKv7QSOsLicJDQMHx3lui6d
182136,X4KSPkBIdPEeXdEy4Fa5NvixCQZdfNj3,fbPkOYLVPtPgIt0MxizjfFJov3JbHyAi
182489,NrHk4qmJXuD0TsjkQSnghKpk9ZjGAOyU,SpATywNh6bZuzm8s1ceuBUnMUAeoAHHw
182542,TzUoSJ3pyMjwCKLIHuVSKLad9h9hLr5U,xMd9DzNyUCTLRPVbwWVzf4vq06oqrTT1
182545,TzUoSJ3pyMjwCKLIHuVSKLad9h9hLr5U,ykoe1cCWK134BJmfbNoPEenJOIWdtQOZ
182584,tedGThhHMqVARfBh6zyzyocTKbTJYJpB,shM3Yy9vxHn2aqjSYfQXOcwGo0hWh3MI
182777,ZQcWT47pZxjNboL0V0inwxjvImMCbKfc,xMd9DzNyUCTLRPVbwWVzf4vq06oqrTT1
182873,2DccYKlqpoQf6OVf4P499VuvWPHZoTTu,3cnZpv6ReApmCaZyaQwi2izDZxVRdC01
183003,WELjmgdsP962Pc1teJ96xvofKraKe6qa,xMd9DzNyUCTLRPVbwWVzf4vq06oqrTT1
183104,HTGHrKrt9bt2no7NEjeTqA36pNapNLke,NmbZ3BmS8V4pMg6oxXHWpqqMZCE1jvYt
183174,ADL0cXowUMs4wyiAOHKMOrtTHu5tmUqi,xMd9DzNyUCTLRPVbwWVzf4vq06oqrTT1
183369,p0fw4v0FzqDHoIprXWv2PhAw9MEKisrS,NmbZ3BmS8V4pMg6oxXHWpqqMZCE1jvYt
183407,OZ02Yntpt8Hg8thsFgejT4NSsPYtVPPm,3cnZpv6ReApmCaZyaQwi2izDZxVRdC01
183450,J1iCM60eAwVKTPRoP9hdyFlEQf6db3YF,ykoe1cCWK134BJmfbNoPEenJOIWdtQOZ
183713,68jxA2PUjT1NQfZbUcdmPfGR0u6r2zeM,shM3Yy9vxHn2aqjSYfQXOcwGo0hWh3MI
183817,tedGThhHMqVARfBh6zyzyocTKbTJYJpB,ykoe1cCWK134BJmfbNoPEenJOIWdtQOZ
183906,ocTIjxG8zBs0mQRpUtpuAKc7MDpzU7Sd,3cnZpv6ReApmCaZyaQwi2izDZxVRdC01
183924,72z519PMt8GGBXLvF1FG0oMJuciCSWYJ,xMd9DzNyUCTLRPVbwWVzf4vq06oqrTT1
183942,T6EWQ7jVP89JlHzj41KN1gEtGYevpSQM,shM3Yy9vxHn2aqjSYfQXOcwGo0hWh3MI
183951,luNGlNTmJ26UVXohAPNf4yZNgIUDcpxK,9Bd26pfDLvkPINwLnpaGcf0LrLUvY1Mz
185303,j1APsmZGLFH2gSdJ48obb2yQGO5jtDpT,I7Go4XwWgpjRJM8EZGEnBpkfSmBNOlsO
185330,j1APsmZGLFH2gSdJ48obb2yQGO5jtDpT,1pvLqtotBsKv7QSOsLicJDQMHx3lui6d
185949,LmPOiQGU9K8KbXAhYgpDD175P7sizybX,V4tXq15GxHo2gaMpaJLZ3IGEkP949IbE
186010,pwdsR2guw7jGBDVAdaksGODr7uJoy6bJ,A3fsA9Zfv1X2fVEQhTw51lKENdNrEqT3
186039,pwdsR2guw7jGBDVAdaksGODr7uJoy6bJ,NmbZ3BmS8V4pMg6oxXHWpqqMZCE1jvYt
186041,pwdsR2guw7jGBDVAdaksGODr7uJoy6bJ,V4tXq15GxHo2gaMpaJLZ3IGEkP949IbE
186044,pwdsR2guw7jGBDVAdaksGODr7uJoy6bJ,xMd9DzNyUCTLRPVbwWVzf4vq06oqrTT1
186047,pwdsR2guw7jGBDVAdaksGODr7uJoy6bJ,9Bd26pfDLvkPINwLnpaGcf0LrLUvY1Mz
186081,HAAyQYNYY3ULmqhNC56bxv5FSwyMVoqP,ykoe1cCWK134BJmfbNoPEenJOIWdtQOZ
186153,Xl8Tem8G8sPah3KAWnbWgv7GNqLZqPFw,a2E7NQC7nZB7WHEhKGhKnKvUWtsLAQzh
186237,6HmdNYWkOfKPcsSkwkqnh7uY2Gqe1cX7,H2lDW05SyKnwntZ6Fora76aPAEswcMa5
186244,6HmdNYWkOfKPcsSkwkqnh7uY2Gqe1cX7,a2E7NQC7nZB7WHEhKGhKnKvUWtsLAQzh
186249,ocTIjxG8zBs0mQRpUtpuAKc7MDpzU7Sd,a2E7NQC7nZB7WHEhKGhKnKvUWtsLAQzh
186287,SzqR1lIvSkqy1yQXOqGRgT5uhu7VR5Jw,NmbZ3BmS8V4pMg6oxXHWpqqMZCE1jvYt
186324,wmND65rZOV8Cdq3Mq9MmFLy7XUHHSgIW,H2lDW05SyKnwntZ6Fora76aPAEswcMa5
186328,FeSQQc9CIFMTYLlHcSRbUJqf0NNwxJ2K,H2lDW05SyKnwntZ6Fora76aPAEswcMa5
186331,0hRwE5vbowYRJTF6rcWCTgSh4yHA34bg,H2lDW05SyKnwntZ6Fora76aPAEswcMa5
186335,FeSQQc9CIFMTYLlHcSRbUJqf0NNwxJ2K,ykoe1cCWK134BJmfbNoPEenJOIWdtQOZ
186355,0hRwE5vbowYRJTF6rcWCTgSh4yHA34bg,NmbZ3BmS8V4pMg6oxXHWpqqMZCE1jvYt
186370,ePOpOKycvORTPdc6DfieYb44dd8ej3gR,NmbZ3BmS8V4pMg6oxXHWpqqMZCE1jvYt
186418,Xl8Tem8G8sPah3KAWnbWgv7GNqLZqPFw,V4tXq15GxHo2gaMpaJLZ3IGEkP949IbE
186455,ocTIjxG8zBs0mQRpUtpuAKc7MDpzU7Sd,A3fsA9Zfv1X2fVEQhTw51lKENdNrEqT3
186630,wmND65rZOV8Cdq3Mq9MmFLy7XUHHSgIW,9Bd26pfDLvkPINwLnpaGcf0LrLUvY1Mz
187161,EUmZ5qzjwgko2PIWEnctkvYh7APnUrX9,ykoe1cCWK134BJmfbNoPEenJOIWdtQOZ
187184,BeoWdDFNsVFqWVq3B4qjYh8vNjNTgwSB,ykoe1cCWK134BJmfbNoPEenJOIWdtQOZ
187842,nYSFDE8RCbcZhD46fRSvPHUvA1ahfupi,1pvLqtotBsKv7QSOsLicJDQMHx3lui6d
188107,MrptC6k13DRD7ZeJDHvlsVV8mT19fxZF,AXUJZGmZ0xaYSWazu8RQ1G5c76ECT1Kd
188174,BbvGM92sGSMMIrRMXDFdD1GEnySzXRYT,ykoe1cCWK134BJmfbNoPEenJOIWdtQOZ
188636,Jn3Y3EwJczNHkfzTGUpSSJOFpEETB0cw,9Bd26pfDLvkPINwLnpaGcf0LrLUvY1Mz
188950,lbgTV2YMskSv2TX4EXpaazpMVWfsftEV,DPnLzkJJqOOPRJfBxIHbQEERiYHu5ila
188975,lbgTV2YMskSv2TX4EXpaazpMVWfsftEV,AXUJZGmZ0xaYSWazu8RQ1G5c76ECT1Kd
189188,72z519PMt8GGBXLvF1FG0oMJuciCSWYJ,DPnLzkJJqOOPRJfBxIHbQEERiYHu5ila
189640,Io5gLr8QOxaBw8nFReloAXOpt3IlZ5WE,AXUJZGmZ0xaYSWazu8RQ1G5c76ECT1Kd
189676,lbgTV2YMskSv2TX4EXpaazpMVWfsftEV,A3fsA9Zfv1X2fVEQhTw51lKENdNrEqT3
190712,NrHk4qmJXuD0TsjkQSnghKpk9ZjGAOyU,xMd9DzNyUCTLRPVbwWVzf4vq06oqrTT1
191254,eosk3dY7502Pbg6Dsnx0qWKWUpRTliXK,H2lDW05SyKnwntZ6Fora76aPAEswcMa5
191356,GLClE8eg40BpWvmEfcSMwSvtSTOkzETn,NmbZ3BmS8V4pMg6oxXHWpqqMZCE1jvYt
191946,X14gKVD1ZKu0qL0NchpqxwhoYSEpz9QI,A3fsA9Zfv1X2fVEQhTw51lKENdNrEqT3
192069,LmPOiQGU9K8KbXAhYgpDD175P7sizybX,H2lDW05SyKnwntZ6Fora76aPAEswcMa5
192145,luNGlNTmJ26UVXohAPNf4yZNgIUDcpxK,3cnZpv6ReApmCaZyaQwi2izDZxVRdC01
192150,luNGlNTmJ26UVXohAPNf4yZNgIUDcpxK,A3fsA9Zfv1X2fVEQhTw51lKENdNrEqT3
192548,x6BtQH70uuLHaxqzHA21U9wmfT0SxzD9,ykoe1cCWK134BJmfbNoPEenJOIWdtQOZ
192599,i0ksX07HnsV5rQlWqOr1uKEuc7yNU24c,ykoe1cCWK134BJmfbNoPEenJOIWdtQOZ
193012,2N6o6qJ0czxrbv8wbXwP5oVT4Ra8mOYu,Er0RFawC4sHagDmmQZcBGBrzamLQcblZ
193114,ria1rZm5v1iNiSZkl2at79lKlYWZvHeF,9Bd26pfDLvkPINwLnpaGcf0LrLUvY1Mz
193287,Oqfkhjg6t51PZcyyCwvjWtQ6bDHYceB1,9Bd26pfDLvkPINwLnpaGcf0LrLUvY1Mz
194030,TfgVRC9skFsGu3qq14caEQmfjmrp7rot,xMd9DzNyUCTLRPVbwWVzf4vq06oqrTT1
194091,luNGlNTmJ26UVXohAPNf4yZNgIUDcpxK,AXUJZGmZ0xaYSWazu8RQ1G5c76ECT1Kd
194543,G4MfAXnz0EbVaCbavnksnUIxHSPSMOp9,xMd9DzNyUCTLRPVbwWVzf4vq06oqrTT1
194548,yiX0lNiEyuJnsK7G0Hy1jjUqzZwKTcF0,xMd9DzNyUCTLRPVbwWVzf4vq06oqrTT1
194712,A5P9jrlzLqQKpA3sVBvwbPCf9CAYmtxw,H2lDW05SyKnwntZ6Fora76aPAEswcMa5
194859,TfgVRC9skFsGu3qq14caEQmfjmrp7rot,V4tXq15GxHo2gaMpaJLZ3IGEkP949IbE
194860,mXfwwTIVjHMqoVKAh2iEQbinKUCJHwTp,NmbZ3BmS8V4pMg6oxXHWpqqMZCE1jvYt
194917,coZTr10eytnE55me2AxqRWq6qrVXEB7M,NmbZ3BmS8V4pMg6oxXHWpqqMZCE1jvYt
194927,coZTr10eytnE55me2AxqRWq6qrVXEB7M,V4tXq15GxHo2gaMpaJLZ3IGEkP949IbE
194962,HTGHrKrt9bt2no7NEjeTqA36pNapNLke,V4tXq15GxHo2gaMpaJLZ3IGEkP949IbE
194967,6ovqVSF3YZ6bnWJaJ7v2dHPROWXVVlFQ,H2lDW05SyKnwntZ6Fora76aPAEswcMa5
194975,Io5gLr8QOxaBw8nFReloAXOpt3IlZ5WE,A3fsA9Zfv1X2fVEQhTw51lKENdNrEqT3
195100,vxGkTn6WfGBki29hwuSV6Xuc1hbgzs4I,NmbZ3BmS8V4pMg6oxXHWpqqMZCE1jvYt
195101,vxGkTn6WfGBki29hwuSV6Xuc1hbgzs4I,V4tXq15GxHo2gaMpaJLZ3IGEkP949IbE
195102,vxGkTn6WfGBki29hwuSV6Xuc1hbgzs4I,a2E7NQC7nZB7WHEhKGhKnKvUWtsLAQzh
195103,vxGkTn6WfGBki29hwuSV6Xuc1hbgzs4I,SpATywNh6bZuzm8s1ceuBUnMUAeoAHHw
195121,ZQcWT47pZxjNboL0V0inwxjvImMCbKfc,shM3Yy9vxHn2aqjSYfQXOcwGo0hWh3MI
195122,ZQcWT47pZxjNboL0V0inwxjvImMCbKfc,9Bd26pfDLvkPINwLnpaGcf0LrLUvY1Mz
195132,TAT1t0HA0deInUIqMQU3qN2hNwJUolWn,SpATywNh6bZuzm8s1ceuBUnMUAeoAHHw
195572,SSpeewBDHUNKkvUJM5ASinNHvMXIOEwr,A3fsA9Zfv1X2fVEQhTw51lKENdNrEqT3
195851,vuVnTFCBfdzSvUffWnstx1XETLzOHwWp,9Bd26pfDLvkPINwLnpaGcf0LrLUvY1Mz
195920,ADL0cXowUMs4wyiAOHKMOrtTHu5tmUqi,9Bd26pfDLvkPINwLnpaGcf0LrLUvY1Mz
196203,ywdL3xkp7d2PSjbvnflAvIe7Wp6Q4SRe,shM3Yy9vxHn2aqjSYfQXOcwGo0hWh3MI
196337,bRDMid9iRGcartTY4OAKAdQRbX2j8Y86,V4tXq15GxHo2gaMpaJLZ3IGEkP949IbE
196339,BXEKxoXoxulJe6lVUNmBzkuoxML0RzPQ,A3fsA9Zfv1X2fVEQhTw51lKENdNrEqT3
196358,Io5gLr8QOxaBw8nFReloAXOpt3IlZ5WE,V4tXq15GxHo2gaMpaJLZ3IGEkP949IbE
196359,Io5gLr8QOxaBw8nFReloAXOpt3IlZ5WE,DPnLzkJJqOOPRJfBxIHbQEERiYHu5ila
196367,nV86nhQ7hJG7k83qAXvGwRzPT357EJhH,AXUJZGmZ0xaYSWazu8RQ1G5c76ECT1Kd
196369,nV86nhQ7hJG7k83qAXvGwRzPT357EJhH,DPnLzkJJqOOPRJfBxIHbQEERiYHu5ila
196370,nV86nhQ7hJG7k83qAXvGwRzPT357EJhH,H2lDW05SyKnwntZ6Fora76aPAEswcMa5
196524,8uSQsFhnhoJeSVZylwMfyqKR37MO9Qyr,9Bd26pfDLvkPINwLnpaGcf0LrLUvY1Mz
196811,coZTr10eytnE55me2AxqRWq6qrVXEB7M,a2E7NQC7nZB7WHEhKGhKnKvUWtsLAQzh
197122,9D8Fr85Y0xJSTSvXENunTRQkQQzpKKhe,I7Go4XwWgpjRJM8EZGEnBpkfSmBNOlsO
197204,b42x9fEviD2KrosQFgO4BDKrSzPFH9d9,3VkHkmOtom3jM2wCu94xgzzu1d6Dn7or
198107,4GJSwwikGuUWXSajcKoSlvfsoiC8eEZq,NmbZ3BmS8V4pMg6oxXHWpqqMZCE1jvYt
198139,FcPFK6OTsUF1j3uNGabdzGTvbY8kcO3D,H2lDW05SyKnwntZ6Fora76aPAEswcMa5
198142,4GJSwwikGuUWXSajcKoSlvfsoiC8eEZq,9Bd26pfDLvkPINwLnpaGcf0LrLUvY1Mz
198267,TL1aA8ITe7VP42GX52yE5M5UsjXNCOS3,H2lDW05SyKnwntZ6Fora76aPAEswcMa5
198499,H7bZ54NuzkB5Nw5q0ZI1nld9qDoHNngL,a2E7NQC7nZB7WHEhKGhKnKvUWtsLAQzh
198504,Hoitr98hXhrf7xDGgACEFamKhiarA3wg,H2lDW05SyKnwntZ6Fora76aPAEswcMa5
198567,4GJSwwikGuUWXSajcKoSlvfsoiC8eEZq,A3fsA9Zfv1X2fVEQhTw51lKENdNrEqT3
198624,35E85h2ExBPeTd1VmxNX0GKo8krIMsCP,V4tXq15GxHo2gaMpaJLZ3IGEkP949IbE
198656,mXfwwTIVjHMqoVKAh2iEQbinKUCJHwTp,A3fsA9Zfv1X2fVEQhTw51lKENdNrEqT3
198962,2oTvbzieHn2y5oozeOgSnruqE6N0BtR5,H2lDW05SyKnwntZ6Fora76aPAEswcMa5
199026,BeoWdDFNsVFqWVq3B4qjYh8vNjNTgwSB,V4tXq15GxHo2gaMpaJLZ3IGEkP949IbE
199630,i0ksX07HnsV5rQlWqOr1uKEuc7yNU24c,81UZtt1JJwBFYMj5u38WNKCSVA4IJSDv
199788,pwdsR2guw7jGBDVAdaksGODr7uJoy6bJ,5Gyp41oLVo7Gg7vF4vpmggWP5MU70QO6
200171,b42x9fEviD2KrosQFgO4BDKrSzPFH9d9,fbPkOYLVPtPgIt0MxizjfFJov3JbHyAi
200519,x6BtQH70uuLHaxqzHA21U9wmfT0SxzD9,Er0RFawC4sHagDmmQZcBGBrzamLQcblZ
