user,name
user1,Janet Young
user2,Gary Fuentes
user3,Tamie Graham
user4,Ruth Spencer
user5,Annie Primm
user6,Ruth Stone
user7,John Cross
user8,Julie Knox
user9,Alfred Bierman
user10,Jessica Mcpherson
user11,Robert Yuste
user12,Erick Kelly
user13,June Beasley
user14,April Starnes
user15,Annette Jones
user16,Jessica Tafel
user17,Carolyn Little
user18,Claretha Marquez
user19,Timothy Larabee
user20,Johnny Polk
user21,Nancy Roberts
user22,Thomas Mitchel
user23,Richard Fergus
user24,Henry Bennett
user25,Chad Gray
user26,Lauren Garcia
user27,Craig Amaya
user28,Alex Perry
user29,John Knaub
user30,Nathan Slater
user31,Nancy Robinson
user32,Walter Carney
user33,Colleen Kimpel
user34,Wendell Watts
user35,Kellie Carter
user36,Dalton Williams
user37,Douglas Steele
user38,Alice Spears
user39,Mary Miller
user40,Mark Rohrs
user41,Shirley Scanlon
user42,Cassidy Beauchesne
user43,Elizabeth Orlando
user44,Charles Wyant
user45,Claire Usry
user46,Richard Negrete
user47,John Lawler
user48,Robert Reynolds
user49,Sylvia Taylor
user50,June Towers
user51,Pedro Goins
user52,Eric Cummings
user53,Samuel Smith
user54,John Yeh
user55,Tamara Ferrell
user56,Cecilia Neel
user57,Edward Washington
user58,Daniel Jones
user59,Lisa Riccio
user60,Mary Gambles
user61,Veronica Garcia
user62,Cheryl Smith
user63,James Young
user64,Joan Sipper
user65,Doug Korpal
user66,Allison Simpson
user67,Yolanda Wilson
user68,Antonina Davis
user69,Dennis Lindberg
user70,Oliver Dube
user71,Laura Egersdorf
user72,Jeanette Borrow
user73,Rosenda Easley
user74,Clinton Weeks
user75,David Winters
user76,Christine Sanford
user77,David Lasater
user78,Michelle Hirata
user79,Mary Grooms
user80,Ruth Williams
user81,Jessie Mohan
user82,Burt Wilson
user83,Keith Miller
user84,William Hall
user85,Catherine Watters
user86,Barbara Moore
user87,Loretta Gatlin
user88,Doris Hamilton
user89,Rodney Miller
user90,William Cowan
user91,David Florido
user92,Norman Kibler
user93,Reginald Jones
user94,Dana Allen
user95,Andrew Malone
user96,Patricia Denn
user97,Mary Saver
user98,George Moss
user99,Jordan Garza
user100,Roma Reeser
user101,Helen Kidwell
user102,Sandra Jaffe
user103,Linda Hilbert
user104,Eric Williams
user105,Elizabeth Mudget
user106,China Witt
user107,Becky Seymour
user108,Jessie Acosta
user109,David Reyes
user110,Thomas Rogers
user111,Marie Speedy
user112,Norma Garneau
user113,Bill Anderson
user114,Richard Greene
user115,James Bienenstock
user116,Thomas Cumming
user117,Stephen Gressler
user118,Luis Kite
user119,Justin Melchor
user120,Mitchell Matthews
user121,Cary Mascarenas
user122,Tammy Thomas
user123,Jeanette Quinter
user124,Billy Norton
user125,Ardith Penalosa
user126,Alice Curry
user127,Elizabeth Duty
user128,Francis Marshall
user129,Edyth Rowton
user130,Alton Smith
user131,William Fuentes
user132,Ruth Levy
user133,David Clynes
user134,John Furrer
user135,Penny Gregg
user136,Mark Decook
user137,James Williams
user138,Benjamin Potter
user139,Kimberly Aronow
user140,Patricia Hobbs
user141,Lois Ward
user142,Michael Castellanos
user143,Jeff Kuznicki
user144,Antonia Shaffer
user145,John Mcelderry
user146,James Ramirez
user147,Rebecca Cosentino
user148,William Bowman
user149,Melissa Huls
user150,Robert Spivey
user151,Anthony Viramontes
user152,Katherine Berg
user153,Carolyn Kreisher
user154,Henry Stokes
user155,Robert Groh
user156,Jonathan Bruce
user157,Valerie Espinoza
user158,Kari Garvin
user159,Betty Abrial
user160,Sharon Adams
user161,Hector Breisch
user162,Stephanie Bennet
user163,Anne Dudley
user164,Susanne Benner
user165,April Schnieders
user166,Roger Smith
user167,Carrie Rivera
user168,Ruth Avery
user169,Rosa Lyons
user170,Carrie Chang
user171,James Gustin
user172,Jennifer Tryon
user173,Luis Tucker
user174,Katie Smith
user175,Jessica Deal
user176,Bernard Rutherford
user177,Ronald White
user178,Allan Diaz
user179,Estella Wofford
user180,Louis Roberts
user181,Joseph Otero
user182,Jose Boggs
user183,Emilia Morgen
user184,Thomas Cheek
user185,Mario Adams
user186,Jennifer Wagers
user187,Jill Davidson
user188,Janet Caro
user189,Elizabeth Vermillion
user190,Daniel Oliver
user191,Frank Anderson
user192,Willie Meade
user193,Rachel Drake
user194,Brenda Gomez
user195,Robin Glover
user196,Patrick Souder
user197,Gary Cosgrove
user198,Annabelle Thomas
user199,Carolyn Ross
user200,Suzette Christian
user201,Harlan Roberts
user202,Evan Hill
user203,Aaron Williams
user204,Benedict Tsosie
user205,Mary Workman
user206,Jesus Cooper
user207,Mark Butler
user208,Eric Delaney
user209,Delores Vandercook
user210,Joshua Emig
user211,Cari Row
user212,Chi Navarro
user213,Thomas Mcglothian
user214,Adrienne Wilburn
user215,Frances Branson
user216,Barbara Lockhart
user217,Betty Fair
user218,Ashley Houck
user219,Carolyn Crespo
user220,William Long
user221,Ivan Weatherwax
user222,Roslyn Murphy
user223,Amy Parker
user224,John Tarlton
user225,Betty Hutton
user226,Richard Dardar
user227,Jennie Collier
user228,James Higgins
user229,Mario Bradford
user230,Patricia Carrillo
user231,Terri Strahan
user232,Timothy Mcghee
user233,Donald Ohare
user234,Deborah Martinez
user235,William Watts
user236,James Clark
